K,rho,r_50,r_75,r_95
1,0,17.8,22.2,29.8
1,0.01,17.7,22.1,29.7
1,0.02,17.7,22,29.6
1,0.03,17.6,22,29.5
1,0.04,17.6,21.9,29.4
1,0.05,17.6,21.9,29.3
1,0.06,17.5,21.8,29.2
1,0.07,17.4,21.7,29.1
1,0.08,17.4,21.7,29
1,0.09,17.3,21.6,28.9
1,0.1,17.3,21.5,28.7
1,0.11,17.2,21.4,28.6
1,0.12,17.2,21.3,28.5
1,0.13,17.1,21.2,28.3
1,0.14,17,21.1,28.2
1,0.15,16.9,21.1,28.1
1,0.16,16.8,21,27.9
1,0.17,16.8,20.9,27.8
1,0.18,16.7,20.7,27.6
1,0.19,16.6,20.6,27.5
1,0.2,16.5,20.5,27.3
1,0.21,16.4,20.4,27.1
1,0.22,16.3,20.3,27
1,0.23,16.2,20.1,26.8
1,0.24,16.1,20,26.6
1,0.25,16,19.9,26.4
1,0.26,15.9,19.7,26.3
1,0.27,15.8,19.6,26.1
1,0.28,15.7,19.5,25.9
1,0.29,15.5,19.3,25.7
1,0.3,15.4,19.2,25.5
1,0.31,15.3,19,25.2
1,0.32,15.2,18.9,25
1,0.33,15,18.7,24.8
1,0.34,14.9,18.5,24.6
1,0.35,14.8,18.4,24.4
1,0.36,14.6,18.2,24.2
1,0.37,14.5,18,23.9
1,0.38,14.4,17.9,23.7
1,0.39,14.2,17.7,23.4
1,0.4,14.1,17.5,23.2
1,0.41,13.9,17.3,22.9
1,0.42,13.8,17.1,22.7
1,0.43,13.6,16.9,22.4
1,0.44,13.5,16.7,22.2
1,0.45,13.3,16.5,21.9
1,0.46,13.1,16.3,21.6
1,0.47,13,16.1,21.4
1,0.48,12.8,15.9,21.1
1,0.49,12.6,15.7,20.8
1,0.5,12.4,15.5,20.5
1,0.51,12.3,15.3,20.2
1,0.52,12.1,15,19.9
1,0.53,11.9,14.8,19.6
1,0.54,11.7,14.6,19.3
1,0.55,11.5,14.3,19
1,0.56,11.3,14.1,18.7
1,0.57,11.1,13.8,18.4
1,0.58,10.9,13.6,18
1,0.59,10.7,13.4,17.7
1,0.6,10.5,13.1,17.4
1,0.61,10.3,12.8,17
1,0.62,10.1,12.6,16.7
1,0.63,9.9,12.3,16.3
1,0.64,9.7,12.1,16
1,0.65,9.5,11.8,15.6
1,0.66,9.3,11.5,15.2
1,0.67,9,11.2,14.9
1,0.68,8.8,10.9,14.5
1,0.69,8.6,10.7,14.1
1,0.7,8.3,10.4,13.7
1,0.71,8.1,10.1,13.4
1,0.72,7.9,9.8,13
1,0.73,7.6,9.5,12.6
1,0.74,7.4,9.2,12.2
1,0.75,7.1,8.9,11.8
1,0.76,6.9,8.6,11.3
1,0.77,6.6,8.2,10.9
1,0.78,6.4,7.9,10.5
1,0.79,6.1,7.6,10.1
1,0.8,5.9,7.3,9.7
1,0.81,5.6,6.9,9.2
1,0.82,5.3,6.6,8.8
1,0.83,5,6.3,8.3
1,0.84,4.8,5.9,7.9
1,0.85,4.5,5.6,7.4
1,0.86,4.2,5.2,7
1,0.87,3.9,4.9,6.5
1,0.88,3.7,4.5,6
1,0.89,3.4,4.2,5.5
1,0.9,3.1,3.8,5.1
1,0.91,2.8,3.5,4.6
1,0.92,2.5,3.1,4.1
1,0.93,2.2,2.7,3.6
1,0.94,1.9,2.3,3.1
1,0.95,1.6,2,2.6
1,0.96,1.3,1.6,2.1
1,0.97,1,1.2,1.6
1,0.98,0.6,0.8,1.1
1,0.99,0.3,0.4,0.5
2,0,9.9,12.3,16.4
2,0.01,9.9,12.2,16.3
2,0.02,9.8,12.2,16.3
2,0.03,9.8,12.1,16.2
2,0.04,9.7,12.1,16.1
2,0.05,9.7,12,16
2,0.06,9.7,12,15.9
2,0.07,9.6,11.9,15.8
2,0.08,9.6,11.9,15.8
2,0.09,9.5,11.8,15.7
2,0.1,9.5,11.7,15.6
2,0.11,9.4,11.7,15.5
2,0.12,9.4,11.6,15.4
2,0.13,9.3,11.6,15.3
2,0.14,9.3,11.5,15.2
2,0.15,9.2,11.4,15.1
2,0.16,9.2,11.4,15
2,0.17,9.1,11.3,14.9
2,0.18,9.1,11.2,14.8
2,0.19,9,11.1,14.7
2,0.2,9,11.1,14.6
2,0.21,8.9,11,14.5
2,0.22,8.8,10.9,14.4
2,0.23,8.8,10.8,14.3
2,0.24,8.7,10.7,14.2
2,0.25,8.6,10.7,14.1
2,0.26,8.6,10.6,13.9
2,0.27,8.5,10.5,13.8
2,0.28,8.4,10.4,13.7
2,0.29,8.4,10.3,13.6
2,0.3,8.3,10.2,13.5
2,0.31,8.2,10.1,13.4
2,0.32,8.1,10,13.2
2,0.33,8.1,9.9,13.1
2,0.34,8,9.9,13
2,0.35,7.9,9.8,12.9
2,0.36,7.8,9.7,12.7
2,0.37,7.8,9.6,12.6
2,0.38,7.7,9.5,12.4
2,0.39,7.6,9.4,12.3
2,0.4,7.5,9.3,12.2
2,0.41,7.4,9.1,12
2,0.42,7.3,9,11.9
2,0.43,7.2,8.9,11.7
2,0.44,7.2,8.8,11.6
2,0.45,7.1,8.7,11.4
2,0.46,7,8.6,11.3
2,0.47,6.9,8.5,11.1
2,0.48,6.8,8.4,11
2,0.49,6.7,8.2,10.8
2,0.5,6.6,8.1,10.7
2,0.51,6.5,8,10.5
2,0.52,6.4,7.9,10.3
2,0.53,6.3,7.7,10.2
2,0.54,6.2,7.6,10
2,0.55,6.1,7.5,9.8
2,0.56,6,7.4,9.7
2,0.57,5.9,7.2,9.5
2,0.58,5.8,7.1,9.3
2,0.59,5.6,7,9.1
2,0.6,5.5,6.8,9
2,0.61,5.4,6.7,8.8
2,0.62,5.3,6.5,8.6
2,0.63,5.2,6.4,8.4
2,0.64,5.1,6.3,8.2
2,0.65,5,6.1,8
2,0.66,4.8,6,7.8
2,0.67,4.7,5.8,7.7
2,0.68,4.6,5.7,7.5
2,0.69,4.5,5.5,7.3
2,0.7,4.4,5.4,7.1
2,0.71,4.2,5.2,6.8
2,0.72,4.1,5.1,6.6
2,0.73,4,4.9,6.4
2,0.74,3.8,4.7,6.2
2,0.75,3.7,4.6,6
2,0.76,3.6,4.4,5.8
2,0.77,3.4,4.3,5.6
2,0.78,3.3,4.1,5.4
2,0.79,3.2,3.9,5.1
2,0.8,3,3.7,4.9
2,0.81,2.9,3.6,4.7
2,0.82,2.8,3.4,4.5
2,0.83,2.6,3.2,4.2
2,0.84,2.5,3.1,4
2,0.85,2.3,2.9,3.8
2,0.86,2.2,2.7,3.5
2,0.87,2,2.5,3.3
2,0.88,1.9,2.3,3.1
2,0.89,1.7,2.1,2.8
2,0.9,1.6,2,2.6
2,0.91,1.4,1.8,2.3
2,0.92,1.3,1.6,2.1
2,0.93,1.1,1.4,1.8
2,0.94,1,1.2,1.6
2,0.95,0.8,1,1.3
2,0.96,0.7,0.8,1.1
2,0.97,0.5,0.6,0.8
2,0.98,0.3,0.4,0.5
2,0.99,0.2,0.2,0.3
3,0,7.2,8.9,11.9
3,0.01,7.2,8.9,11.8
3,0.02,7.2,8.9,11.7
3,0.03,7.1,8.8,11.7
3,0.04,7.1,8.8,11.6
3,0.05,7.1,8.7,11.5
3,0.06,7,8.7,11.4
3,0.07,7,8.6,11.4
3,0.08,7,8.6,11.3
3,0.09,6.9,8.5,11.2
3,0.1,6.9,8.5,11.2
3,0.11,6.8,8.4,11.1
3,0.12,6.8,8.4,11
3,0.13,6.8,8.3,10.9
3,0.14,6.7,8.2,10.9
3,0.15,6.7,8.2,10.8
3,0.16,6.6,8.1,10.7
3,0.17,6.6,8.1,10.6
3,0.18,6.5,8,10.5
3,0.19,6.5,8,10.4
3,0.2,6.4,7.9,10.4
3,0.21,6.4,7.8,10.3
3,0.22,6.3,7.8,10.2
3,0.23,6.3,7.7,10.1
3,0.24,6.2,7.6,10
3,0.25,6.2,7.6,9.9
3,0.26,6.1,7.5,9.8
3,0.27,6.1,7.4,9.8
3,0.28,6,7.4,9.7
3,0.29,6,7.3,9.6
3,0.3,5.9,7.2,9.5
3,0.31,5.9,7.2,9.4
3,0.32,5.8,7.1,9.3
3,0.33,5.7,7,9.2
3,0.34,5.7,7,9.1
3,0.35,5.6,6.9,9
3,0.36,5.6,6.8,8.9
3,0.37,5.5,6.7,8.8
3,0.38,5.4,6.6,8.7
3,0.39,5.4,6.6,8.6
3,0.4,5.3,6.5,8.5
3,0.41,5.2,6.4,8.4
3,0.42,5.2,6.3,8.3
3,0.43,5.1,6.3,8.2
3,0.44,5.1,6.2,8
3,0.45,5,6.1,7.9
3,0.46,4.9,6,7.8
3,0.47,4.8,5.9,7.7
3,0.48,4.8,5.8,7.6
3,0.49,4.7,5.7,7.5
3,0.5,4.6,5.7,7.4
3,0.51,4.6,5.6,7.3
3,0.52,4.5,5.5,7.1
3,0.53,4.4,5.4,7
3,0.54,4.3,5.3,6.9
3,0.55,4.3,5.2,6.8
3,0.56,4.2,5.1,6.7
3,0.57,4.1,5,6.5
3,0.58,4,4.9,6.4
3,0.59,4,4.8,6.3
3,0.6,3.9,4.7,6.2
3,0.61,3.8,4.6,6
3,0.62,3.7,4.5,5.9
3,0.63,3.6,4.4,5.8
3,0.64,3.5,4.3,5.6
3,0.65,3.5,4.2,5.5
3,0.66,3.4,4.1,5.4
3,0.67,3.3,4,5.2
3,0.68,3.2,3.9,5.1
3,0.69,3.1,3.8,5
3,0.7,3,3.7,4.8
3,0.71,2.9,3.6,4.7
3,0.72,2.8,3.5,4.5
3,0.73,2.8,3.4,4.4
3,0.74,2.7,3.3,4.2
3,0.75,2.6,3.1,4.1
3,0.76,2.5,3,4
3,0.77,2.4,2.9,3.8
3,0.78,2.3,2.8,3.7
3,0.79,2.2,2.7,3.5
3,0.8,2.1,2.6,3.3
3,0.81,2,2.5,3.2
3,0.82,1.9,2.3,3
3,0.83,1.8,2.2,2.9
3,0.84,1.7,2.1,2.7
3,0.85,1.6,2,2.6
3,0.86,1.5,1.8,2.4
3,0.87,1.4,1.7,2.2
3,0.88,1.3,1.6,2.1
3,0.89,1.2,1.5,1.9
3,0.9,1.1,1.3,1.7
3,0.91,1,1.2,1.6
3,0.92,0.9,1.1,1.4
3,0.93,0.8,0.9,1.2
3,0.94,0.7,0.8,1.1
3,0.95,0.6,0.7,0.9
3,0.96,0.4,0.5,0.7
3,0.97,0.3,0.4,0.5
3,0.98,0.2,0.3,0.4
3,0.99,0.1,0.1,0.2
4,0,5.9,7.3,9.5
4,0.01,5.9,7.2,9.5
4,0.02,5.9,7.2,9.4
4,0.03,5.8,7.1,9.3
4,0.04,5.8,7.1,9.3
4,0.05,5.8,7,9.2
4,0.06,5.7,7,9.1
4,0.07,5.7,6.9,9.1
4,0.08,5.6,6.9,9
4,0.09,5.6,6.9,9
4,0.1,5.6,6.8,8.9
4,0.11,5.5,6.8,8.8
4,0.12,5.5,6.7,8.8
4,0.13,5.5,6.7,8.7
4,0.14,5.4,6.6,8.6
4,0.15,5.4,6.6,8.6
4,0.16,5.3,6.5,8.5
4,0.17,5.3,6.5,8.4
4,0.18,5.3,6.4,8.3
4,0.19,5.2,6.4,8.3
4,0.2,5.2,6.3,8.2
4,0.21,5.1,6.2,8.1
4,0.22,5.1,6.2,8.1
4,0.23,5,6.1,8
4,0.24,5,6.1,7.9
4,0.25,5,6,7.8
4,0.26,4.9,6,7.8
4,0.27,4.9,5.9,7.7
4,0.28,4.8,5.9,7.6
4,0.29,4.8,5.8,7.5
4,0.3,4.7,5.7,7.5
4,0.31,4.7,5.7,7.4
4,0.32,4.6,5.6,7.3
4,0.33,4.6,5.6,7.2
4,0.34,4.5,5.5,7.1
4,0.35,4.5,5.4,7.1
4,0.36,4.4,5.4,7
4,0.37,4.4,5.3,6.9
4,0.38,4.3,5.2,6.8
4,0.39,4.3,5.2,6.7
4,0.4,4.2,5.1,6.6
4,0.41,4.2,5.1,6.5
4,0.42,4.1,5,6.5
4,0.43,4.1,4.9,6.4
4,0.44,4,4.9,6.3
4,0.45,3.9,4.8,6.2
4,0.46,3.9,4.7,6.1
4,0.47,3.8,4.6,6
4,0.48,3.8,4.6,5.9
4,0.49,3.7,4.5,5.8
4,0.5,3.7,4.4,5.7
4,0.51,3.6,4.4,5.6
4,0.52,3.5,4.3,5.6
4,0.53,3.5,4.2,5.5
4,0.54,3.4,4.1,5.4
4,0.55,3.4,4.1,5.3
4,0.56,3.3,4,5.2
4,0.57,3.2,3.9,5.1
4,0.58,3.2,3.8,5
4,0.59,3.1,3.8,4.9
4,0.6,3,3.7,4.8
4,0.61,3,3.6,4.7
4,0.62,2.9,3.5,4.6
4,0.63,2.8,3.4,4.5
4,0.64,2.8,3.4,4.4
4,0.65,2.7,3.3,4.2
4,0.66,2.6,3.2,4.1
4,0.67,2.6,3.1,4
4,0.68,2.5,3,3.9
4,0.69,2.4,3,3.8
4,0.7,2.4,2.9,3.7
4,0.71,2.3,2.8,3.6
4,0.72,2.2,2.7,3.5
4,0.73,2.1,2.6,3.4
4,0.74,2.1,2.5,3.3
4,0.75,2,2.4,3.1
4,0.76,1.9,2.3,3
4,0.77,1.9,2.3,2.9
4,0.78,1.8,2.2,2.8
4,0.79,1.7,2.1,2.7
4,0.8,1.6,2,2.6
4,0.81,1.6,1.9,2.4
4,0.82,1.5,1.8,2.3
4,0.83,1.4,1.7,2.2
4,0.84,1.3,1.6,2.1
4,0.85,1.2,1.5,2
4,0.86,1.2,1.4,1.8
4,0.87,1.1,1.3,1.7
4,0.88,1,1.2,1.6
4,0.89,0.9,1.1,1.5
4,0.9,0.8,1,1.3
4,0.91,0.8,0.9,1.2
4,0.92,0.7,0.8,1.1
4,0.93,0.6,0.7,0.9
4,0.94,0.5,0.6,0.8
4,0.95,0.4,0.5,0.7
4,0.96,0.3,0.4,0.5
4,0.97,0.3,0.3,0.4
4,0.98,0.2,0.2,0.3
4,0.99,0.1,0.1,0.1
5,0,5.1,6.2,8.1
5,0.01,5.1,6.2,8
5,0.02,5,6.1,8
5,0.03,5,6.1,7.9
5,0.04,5,6,7.9
5,0.05,4.9,6,7.8
5,0.06,4.9,6,7.7
5,0.07,4.9,5.9,7.7
5,0.08,4.8,5.9,7.6
5,0.09,4.8,5.8,7.6
5,0.1,4.8,5.8,7.5
5,0.11,4.7,5.8,7.4
5,0.12,4.7,5.7,7.4
5,0.13,4.7,5.7,7.3
5,0.14,4.6,5.6,7.3
5,0.15,4.6,5.6,7.2
5,0.16,4.6,5.5,7.1
5,0.17,4.5,5.5,7.1
5,0.18,4.5,5.4,7
5,0.19,4.4,5.4,7
5,0.2,4.4,5.3,6.9
5,0.21,4.4,5.3,6.8
5,0.22,4.3,5.2,6.8
5,0.23,4.3,5.2,6.7
5,0.24,4.3,5.1,6.6
5,0.25,4.2,5.1,6.6
5,0.26,4.2,5,6.5
5,0.27,4.1,5,6.4
5,0.28,4.1,4.9,6.4
5,0.29,4,4.9,6.3
5,0.3,4,4.8,6.2
5,0.31,4,4.8,6.2
5,0.32,3.9,4.7,6.1
5,0.33,3.9,4.7,6
5,0.34,3.8,4.6,5.9
5,0.35,3.8,4.6,5.9
5,0.36,3.7,4.5,5.8
5,0.37,3.7,4.5,5.7
5,0.38,3.6,4.4,5.7
5,0.39,3.6,4.3,5.6
5,0.4,3.6,4.3,5.5
5,0.41,3.5,4.2,5.4
5,0.42,3.5,4.2,5.4
5,0.43,3.4,4.1,5.3
5,0.44,3.4,4.1,5.2
5,0.45,3.3,4,5.1
5,0.46,3.3,3.9,5.1
5,0.47,3.2,3.9,5
5,0.48,3.2,3.8,4.9
5,0.49,3.1,3.8,4.8
5,0.5,3.1,3.7,4.8
5,0.51,3,3.6,4.7
5,0.52,3,3.6,4.6
5,0.53,2.9,3.5,4.5
5,0.54,2.9,3.4,4.4
5,0.55,2.8,3.4,4.3
5,0.56,2.8,3.3,4.3
5,0.57,2.7,3.3,4.2
5,0.58,2.6,3.2,4.1
5,0.59,2.6,3.1,4
5,0.6,2.5,3.1,3.9
5,0.61,2.5,3,3.8
5,0.62,2.4,2.9,3.8
5,0.63,2.4,2.9,3.7
5,0.64,2.3,2.8,3.6
5,0.65,2.3,2.7,3.5
5,0.66,2.2,2.7,3.4
5,0.67,2.1,2.6,3.3
5,0.68,2.1,2.5,3.2
5,0.69,2,2.4,3.1
5,0.7,2,2.4,3
5,0.71,1.9,2.3,3
5,0.72,1.8,2.2,2.9
5,0.73,1.8,2.2,2.8
5,0.74,1.7,2.1,2.7
5,0.75,1.7,2,2.6
5,0.76,1.6,1.9,2.5
5,0.77,1.5,1.9,2.4
5,0.78,1.5,1.8,2.3
5,0.79,1.4,1.7,2.2
5,0.8,1.4,1.6,2.1
5,0.81,1.3,1.6,2
5,0.82,1.2,1.5,1.9
5,0.83,1.2,1.4,1.8
5,0.84,1.1,1.3,1.7
5,0.85,1,1.2,1.6
5,0.86,1,1.2,1.5
5,0.87,0.9,1.1,1.4
5,0.88,0.8,1,1.3
5,0.89,0.8,0.9,1.2
5,0.9,0.7,0.8,1.1
5,0.91,0.6,0.8,1
5,0.92,0.6,0.7,0.9
5,0.93,0.5,0.6,0.8
5,0.94,0.4,0.5,0.7
5,0.95,0.4,0.4,0.6
5,0.96,0.3,0.3,0.4
5,0.97,0.2,0.3,0.3
5,0.98,0.1,0.2,0.2
5,0.99,0.1,0.1,0.1
6,0,4.6,5.5,7.1
6,0.01,4.5,5.5,7.1
6,0.02,4.5,5.4,7
6,0.03,4.5,5.4,7
6,0.04,4.4,5.4,6.9
6,0.05,4.4,5.3,6.8
6,0.06,4.4,5.3,6.8
6,0.07,4.3,5.2,6.7
6,0.08,4.3,5.2,6.7
6,0.09,4.3,5.1,6.6
6,0.1,4.2,5.1,6.6
6,0.11,4.2,5.1,6.5
6,0.12,4.2,5,6.5
6,0.13,4.1,5,6.4
6,0.14,4.1,4.9,6.4
6,0.15,4.1,4.9,6.3
6,0.16,4,4.9,6.2
6,0.17,4,4.8,6.2
6,0.18,4,4.8,6.1
6,0.19,3.9,4.7,6.1
6,0.2,3.9,4.7,6
6,0.21,3.9,4.6,5.9
6,0.22,3.8,4.6,5.9
6,0.23,3.8,4.5,5.8
6,0.24,3.7,4.5,5.8
6,0.25,3.7,4.5,5.7
6,0.26,3.7,4.4,5.7
6,0.27,3.6,4.4,5.6
6,0.28,3.6,4.3,5.5
6,0.29,3.6,4.3,5.5
6,0.3,3.5,4.2,5.4
6,0.31,3.5,4.2,5.3
6,0.32,3.4,4.1,5.3
6,0.33,3.4,4.1,5.2
6,0.34,3.4,4,5.2
6,0.35,3.3,4,5.1
6,0.36,3.3,3.9,5
6,0.37,3.2,3.9,5
6,0.38,3.2,3.8,4.9
6,0.39,3.2,3.8,4.8
6,0.4,3.1,3.7,4.8
6,0.41,3.1,3.7,4.7
6,0.42,3,3.6,4.6
6,0.43,3,3.6,4.6
6,0.44,2.9,3.5,4.5
6,0.45,2.9,3.5,4.4
6,0.46,2.9,3.4,4.4
6,0.47,2.8,3.4,4.3
6,0.48,2.8,3.3,4.2
6,0.49,2.7,3.3,4.2
6,0.5,2.7,3.2,4.1
6,0.51,2.6,3.1,4
6,0.52,2.6,3.1,3.9
6,0.53,2.5,3,3.9
6,0.54,2.5,3,3.8
6,0.55,2.4,2.9,3.7
6,0.56,2.4,2.9,3.7
6,0.57,2.3,2.8,3.6
6,0.58,2.3,2.8,3.5
6,0.59,2.2,2.7,3.4
6,0.6,2.2,2.6,3.4
6,0.61,2.2,2.6,3.3
6,0.62,2.1,2.5,3.2
6,0.63,2.1,2.5,3.1
6,0.64,2,2.4,3.1
6,0.65,2,2.3,3
6,0.66,1.9,2.3,2.9
6,0.67,1.9,2.2,2.8
6,0.68,1.8,2.2,2.8
6,0.69,1.7,2.1,2.7
6,0.7,1.7,2,2.6
6,0.71,1.6,2,2.5
6,0.72,1.6,1.9,2.4
6,0.73,1.5,1.8,2.4
6,0.74,1.5,1.8,2.3
6,0.75,1.4,1.7,2.2
6,0.76,1.4,1.7,2.1
6,0.77,1.3,1.6,2
6,0.78,1.3,1.5,1.9
6,0.79,1.2,1.5,1.9
6,0.8,1.2,1.4,1.8
6,0.81,1.1,1.3,1.7
6,0.82,1.1,1.3,1.6
6,0.83,1,1.2,1.5
6,0.84,0.9,1.1,1.4
6,0.85,0.9,1.1,1.4
6,0.86,0.8,1,1.3
6,0.87,0.8,0.9,1.2
6,0.88,0.7,0.9,1.1
6,0.89,0.7,0.8,1
6,0.9,0.6,0.7,0.9
6,0.91,0.5,0.6,0.8
6,0.92,0.5,0.6,0.7
6,0.93,0.4,0.5,0.6
6,0.94,0.4,0.4,0.6
6,0.95,0.3,0.4,0.5
6,0.96,0.2,0.3,0.4
6,0.97,0.2,0.2,0.3
6,0.98,0.1,0.1,0.2
6,0.99,0.1,0.1,0.1
7,0,4.2,5,6.4
7,0.01,4.1,5,6.4
7,0.02,4.1,4.9,6.3
7,0.03,4.1,4.9,6.3
7,0.04,4,4.8,6.2
7,0.05,4,4.8,6.2
7,0.06,4,4.8,6.1
7,0.07,3.9,4.7,6.1
7,0.08,3.9,4.7,6
7,0.09,3.9,4.7,6
7,0.1,3.8,4.6,5.9
7,0.11,3.8,4.6,5.9
7,0.12,3.8,4.5,5.8
7,0.13,3.8,4.5,5.8
7,0.14,3.7,4.5,5.7
7,0.15,3.7,4.4,5.7
7,0.16,3.7,4.4,5.6
7,0.17,3.6,4.3,5.5
7,0.18,3.6,4.3,5.5
7,0.19,3.6,4.3,5.4
7,0.2,3.5,4.2,5.4
7,0.21,3.5,4.2,5.3
7,0.22,3.5,4.1,5.3
7,0.23,3.4,4.1,5.2
7,0.24,3.4,4,5.2
7,0.25,3.4,4,5.1
7,0.26,3.3,4,5.1
7,0.27,3.3,3.9,5
7,0.28,3.2,3.9,4.9
7,0.29,3.2,3.8,4.9
7,0.3,3.2,3.8,4.8
7,0.31,3.1,3.7,4.8
7,0.32,3.1,3.7,4.7
7,0.33,3.1,3.7,4.6
7,0.34,3,3.6,4.6
7,0.35,3,3.6,4.5
7,0.36,2.9,3.5,4.5
7,0.37,2.9,3.5,4.4
7,0.38,2.9,3.4,4.4
7,0.39,2.8,3.4,4.3
7,0.4,2.8,3.3,4.2
7,0.41,2.8,3.3,4.2
7,0.42,2.7,3.2,4.1
7,0.43,2.7,3.2,4.1
7,0.44,2.6,3.1,4
7,0.45,2.6,3.1,3.9
7,0.46,2.6,3,3.9
7,0.47,2.5,3,3.8
7,0.48,2.5,2.9,3.7
7,0.49,2.4,2.9,3.7
7,0.5,2.4,2.8,3.6
7,0.51,2.3,2.8,3.6
7,0.52,2.3,2.7,3.5
7,0.53,2.3,2.7,3.4
7,0.54,2.2,2.6,3.4
7,0.55,2.2,2.6,3.3
7,0.56,2.1,2.5,3.2
7,0.57,2.1,2.5,3.2
7,0.58,2,2.4,3.1
7,0.59,2,2.4,3
7,0.6,2,2.3,3
7,0.61,1.9,2.3,2.9
7,0.62,1.9,2.2,2.8
7,0.63,1.8,2.2,2.8
7,0.64,1.8,2.1,2.7
7,0.65,1.7,2.1,2.6
7,0.66,1.7,2,2.6
7,0.67,1.6,2,2.5
7,0.68,1.6,1.9,2.4
7,0.69,1.6,1.9,2.4
7,0.7,1.5,1.8,2.3
7,0.71,1.5,1.7,2.2
7,0.72,1.4,1.7,2.1
7,0.73,1.4,1.6,2.1
7,0.74,1.3,1.6,2
7,0.75,1.3,1.5,1.9
7,0.76,1.2,1.5,1.9
7,0.77,1.2,1.4,1.8
7,0.78,1.1,1.3,1.7
7,0.79,1.1,1.3,1.6
7,0.8,1,1.2,1.6
7,0.81,1,1.2,1.5
7,0.82,0.9,1.1,1.4
7,0.83,0.9,1.1,1.3
7,0.84,0.8,1,1.3
7,0.85,0.8,0.9,1.2
7,0.86,0.7,0.9,1.1
7,0.87,0.7,0.8,1
7,0.88,0.6,0.8,1
7,0.89,0.6,0.7,0.9
7,0.9,0.5,0.6,0.8
7,0.91,0.5,0.6,0.7
7,0.92,0.4,0.5,0.6
7,0.93,0.4,0.4,0.6
7,0.94,0.3,0.4,0.5
7,0.95,0.3,0.3,0.4
7,0.96,0.2,0.3,0.3
7,0.97,0.2,0.2,0.2
7,0.98,0.1,0.1,0.2
7,0.99,0.1,0.1,0.1
8,0,3.8,4.6,5.9
8,0.01,3.8,4.6,5.8
8,0.02,3.8,4.5,5.8
8,0.03,3.8,4.5,5.7
8,0.04,3.7,4.5,5.7
8,0.05,3.7,4.4,5.6
8,0.06,3.7,4.4,5.6
8,0.07,3.6,4.4,5.5
8,0.08,3.6,4.3,5.5
8,0.09,3.6,4.3,5.4
8,0.1,3.6,4.2,5.4
8,0.11,3.5,4.2,5.3
8,0.12,3.5,4.2,5.3
8,0.13,3.5,4.1,5.2
8,0.14,3.4,4.1,5.2
8,0.15,3.4,4.1,5.1
8,0.16,3.4,4,5.1
8,0.17,3.3,4,5
8,0.18,3.3,3.9,5
8,0.19,3.3,3.9,4.9
8,0.2,3.2,3.9,4.9
8,0.21,3.2,3.8,4.8
8,0.22,3.2,3.8,4.8
8,0.23,3.1,3.7,4.7
8,0.24,3.1,3.7,4.7
8,0.25,3.1,3.7,4.6
8,0.26,3,3.6,4.6
8,0.27,3,3.6,4.5
8,0.28,3,3.5,4.5
8,0.29,2.9,3.5,4.4
8,0.3,2.9,3.5,4.4
8,0.31,2.9,3.4,4.3
8,0.32,2.8,3.4,4.3
8,0.33,2.8,3.3,4.2
8,0.34,2.8,3.3,4.2
8,0.35,2.7,3.2,4.1
8,0.36,2.7,3.2,4
8,0.37,2.7,3.2,4
8,0.38,2.6,3.1,3.9
8,0.39,2.6,3.1,3.9
8,0.4,2.6,3,3.8
8,0.41,2.5,3,3.8
8,0.42,2.5,2.9,3.7
8,0.43,2.4,2.9,3.7
8,0.44,2.4,2.8,3.6
8,0.45,2.4,2.8,3.5
8,0.46,2.3,2.8,3.5
8,0.47,2.3,2.7,3.4
8,0.48,2.3,2.7,3.4
8,0.49,2.2,2.6,3.3
8,0.5,2.2,2.6,3.3
8,0.51,2.1,2.5,3.2
8,0.52,2.1,2.5,3.1
8,0.53,2.1,2.4,3.1
8,0.54,2,2.4,3
8,0.55,2,2.3,3
8,0.56,1.9,2.3,2.9
8,0.57,1.9,2.3,2.8
8,0.58,1.9,2.2,2.8
8,0.59,1.8,2.2,2.7
8,0.6,1.8,2.1,2.7
8,0.61,1.7,2.1,2.6
8,0.62,1.7,2,2.5
8,0.63,1.7,2,2.5
8,0.64,1.6,1.9,2.4
8,0.65,1.6,1.9,2.4
8,0.66,1.5,1.8,2.3
8,0.67,1.5,1.8,2.2
8,0.68,1.4,1.7,2.2
8,0.69,1.4,1.7,2.1
8,0.7,1.4,1.6,2
8,0.71,1.3,1.6,2
8,0.72,1.3,1.5,1.9
8,0.73,1.2,1.5,1.8
8,0.74,1.2,1.4,1.8
8,0.75,1.2,1.4,1.7
8,0.76,1.1,1.3,1.7
8,0.77,1.1,1.3,1.6
8,0.78,1,1.2,1.5
8,0.79,1,1.2,1.5
8,0.8,0.9,1.1,1.4
8,0.81,0.9,1,1.3
8,0.82,0.8,1,1.3
8,0.83,0.8,0.9,1.2
8,0.84,0.8,0.9,1.1
8,0.85,0.7,0.8,1.1
8,0.86,0.7,0.8,1
8,0.87,0.6,0.7,0.9
8,0.88,0.6,0.7,0.8
8,0.89,0.5,0.6,0.8
8,0.9,0.5,0.6,0.7
8,0.91,0.4,0.5,0.6
8,0.92,0.4,0.5,0.6
8,0.93,0.3,0.4,0.5
8,0.94,0.3,0.3,0.4
8,0.95,0.2,0.3,0.4
8,0.96,0.2,0.2,0.3
8,0.97,0.1,0.2,0.2
8,0.98,0.1,0.1,0.1
8,0.99,0,0.1,0.1
9,0,3.6,4.3,5.4
9,0.01,3.6,4.3,5.4
9,0.02,3.6,4.2,5.4
9,0.03,3.5,4.2,5.3
9,0.04,3.5,4.2,5.3
9,0.05,3.5,4.1,5.2
9,0.06,3.4,4.1,5.2
9,0.07,3.4,4,5.1
9,0.08,3.4,4,5.1
9,0.09,3.4,4,5
9,0.1,3.3,3.9,5
9,0.11,3.3,3.9,4.9
9,0.12,3.3,3.9,4.9
9,0.13,3.2,3.8,4.8
9,0.14,3.2,3.8,4.8
9,0.15,3.2,3.8,4.8
9,0.16,3.1,3.7,4.7
9,0.17,3.1,3.7,4.7
9,0.18,3.1,3.7,4.6
9,0.19,3.1,3.6,4.6
9,0.2,3,3.6,4.5
9,0.21,3,3.5,4.5
9,0.22,3,3.5,4.4
9,0.23,2.9,3.5,4.4
9,0.24,2.9,3.4,4.3
9,0.25,2.9,3.4,4.3
9,0.26,2.8,3.3,4.2
9,0.27,2.8,3.3,4.2
9,0.28,2.8,3.3,4.1
9,0.29,2.7,3.2,4.1
9,0.3,2.7,3.2,4
9,0.31,2.7,3.2,4
9,0.32,2.6,3.1,3.9
9,0.33,2.6,3.1,3.9
9,0.34,2.6,3,3.8
9,0.35,2.5,3,3.8
9,0.36,2.5,3,3.7
9,0.37,2.5,2.9,3.7
9,0.38,2.4,2.9,3.6
9,0.39,2.4,2.8,3.6
9,0.4,2.4,2.8,3.5
9,0.41,2.3,2.7,3.5
9,0.42,2.3,2.7,3.4
9,0.43,2.3,2.7,3.4
9,0.44,2.2,2.6,3.3
9,0.45,2.2,2.6,3.2
9,0.46,2.2,2.5,3.2
9,0.47,2.1,2.5,3.1
9,0.48,2.1,2.5,3.1
9,0.49,2,2.4,3
9,0.5,2,2.4,3
9,0.51,2,2.3,2.9
9,0.52,1.9,2.3,2.9
9,0.53,1.9,2.2,2.8
9,0.54,1.9,2.2,2.8
9,0.55,1.8,2.2,2.7
9,0.56,1.8,2.1,2.6
9,0.57,1.8,2.1,2.6
9,0.58,1.7,2,2.5
9,0.59,1.7,2,2.5
9,0.6,1.6,1.9,2.4
9,0.61,1.6,1.9,2.4
9,0.62,1.6,1.8,2.3
9,0.63,1.5,1.8,2.3
9,0.64,1.5,1.8,2.2
9,0.65,1.4,1.7,2.1
9,0.66,1.4,1.7,2.1
9,0.67,1.4,1.6,2
9,0.68,1.3,1.6,2
9,0.69,1.3,1.5,1.9
9,0.7,1.3,1.5,1.9
9,0.71,1.2,1.4,1.8
9,0.72,1.2,1.4,1.7
9,0.73,1.1,1.3,1.7
9,0.74,1.1,1.3,1.6
9,0.75,1.1,1.2,1.6
9,0.76,1,1.2,1.5
9,0.77,1,1.1,1.4
9,0.78,0.9,1.1,1.4
9,0.79,0.9,1.1,1.3
9,0.8,0.9,1,1.3
9,0.81,0.8,1,1.2
9,0.82,0.8,0.9,1.1
9,0.83,0.7,0.9,1.1
9,0.84,0.7,0.8,1
9,0.85,0.6,0.8,1
9,0.86,0.6,0.7,0.9
9,0.87,0.6,0.7,0.8
9,0.88,0.5,0.6,0.8
9,0.89,0.5,0.6,0.7
9,0.9,0.4,0.5,0.6
9,0.91,0.4,0.5,0.6
9,0.92,0.3,0.4,0.5
9,0.93,0.3,0.4,0.5
9,0.94,0.3,0.3,0.4
9,0.95,0.2,0.3,0.3
9,0.96,0.2,0.2,0.3
9,0.97,0.1,0.2,0.2
9,0.98,0.1,0.1,0.1
9,0.99,0,0.1,0.1
10,0,3.4,4,5.1
10,0.01,3.4,4,5
10,0.02,3.4,4,5
10,0.03,3.3,3.9,5
10,0.04,3.3,3.9,4.9
10,0.05,3.3,3.9,4.9
10,0.06,3.2,3.8,4.8
10,0.07,3.2,3.8,4.8
10,0.08,3.2,3.8,4.7
10,0.09,3.2,3.7,4.7
10,0.1,3.1,3.7,4.7
10,0.11,3.1,3.7,4.6
10,0.12,3.1,3.6,4.6
10,0.13,3,3.6,4.5
10,0.14,3,3.6,4.5
10,0.15,3,3.5,4.4
10,0.16,3,3.5,4.4
10,0.17,2.9,3.5,4.3
10,0.18,2.9,3.4,4.3
10,0.19,2.9,3.4,4.3
10,0.2,2.8,3.4,4.2
10,0.21,2.8,3.3,4.2
10,0.22,2.8,3.3,4.1
10,0.23,2.8,3.2,4.1
10,0.24,2.7,3.2,4
10,0.25,2.7,3.2,4
10,0.26,2.7,3.1,3.9
10,0.27,2.6,3.1,3.9
10,0.28,2.6,3.1,3.8
10,0.29,2.6,3,3.8
10,0.3,2.5,3,3.7
10,0.31,2.5,2.9,3.7
10,0.32,2.5,2.9,3.6
10,0.33,2.4,2.9,3.6
10,0.34,2.4,2.8,3.5
10,0.35,2.4,2.8,3.5
10,0.36,2.3,2.8,3.4
10,0.37,2.3,2.7,3.4
10,0.38,2.3,2.7,3.4
10,0.39,2.2,2.6,3.3
10,0.4,2.2,2.6,3.3
10,0.41,2.2,2.6,3.2
10,0.42,2.1,2.5,3.2
10,0.43,2.1,2.5,3.1
10,0.44,2.1,2.4,3.1
10,0.45,2,2.4,3
10,0.46,2,2.4,3
10,0.47,2,2.3,2.9
10,0.48,1.9,2.3,2.9
10,0.49,1.9,2.2,2.8
10,0.5,1.9,2.2,2.8
10,0.51,1.8,2.2,2.7
10,0.52,1.8,2.1,2.7
10,0.53,1.8,2.1,2.6
10,0.54,1.7,2,2.5
10,0.55,1.7,2,2.5
10,0.56,1.7,2,2.4
10,0.57,1.6,1.9,2.4
10,0.58,1.6,1.9,2.3
10,0.59,1.6,1.8,2.3
10,0.6,1.5,1.8,2.2
10,0.61,1.5,1.7,2.2
10,0.62,1.5,1.7,2.1
10,0.63,1.4,1.7,2.1
10,0.64,1.4,1.6,2
10,0.65,1.3,1.6,2
10,0.66,1.3,1.5,1.9
10,0.67,1.3,1.5,1.9
10,0.68,1.2,1.5,1.8
10,0.69,1.2,1.4,1.8
10,0.7,1.2,1.4,1.7
10,0.71,1.1,1.3,1.6
10,0.72,1.1,1.3,1.6
10,0.73,1.1,1.2,1.5
10,0.74,1,1.2,1.5
10,0.75,1,1.1,1.4
10,0.76,0.9,1.1,1.4
10,0.77,0.9,1.1,1.3
10,0.78,0.9,1,1.3
10,0.79,0.8,1,1.2
10,0.8,0.8,0.9,1.2
10,0.81,0.8,0.9,1.1
10,0.82,0.7,0.8,1
10,0.83,0.7,0.8,1
10,0.84,0.6,0.7,0.9
10,0.85,0.6,0.7,0.9
10,0.86,0.6,0.7,0.8
10,0.87,0.5,0.6,0.8
10,0.88,0.5,0.6,0.7
10,0.89,0.4,0.5,0.6
10,0.9,0.4,0.5,0.6
10,0.91,0.4,0.4,0.5
10,0.92,0.3,0.4,0.5
10,0.93,0.3,0.3,0.4
10,0.94,0.2,0.3,0.4
10,0.95,0.2,0.2,0.3
10,0.96,0.2,0.2,0.2
10,0.97,0.1,0.1,0.2
10,0.98,0.1,0.1,0.1
10,0.99,0,0,0.1
11,0,3.2,3.8,4.8
11,0.01,3.2,3.8,4.8
11,0.02,3.2,3.8,4.7
11,0.03,3.2,3.7,4.7
11,0.04,3.1,3.7,4.6
11,0.05,3.1,3.7,4.6
11,0.06,3.1,3.6,4.6
11,0.07,3.1,3.6,4.5
11,0.08,3,3.6,4.5
11,0.09,3,3.5,4.4
11,0.1,3,3.5,4.4
11,0.11,3,3.5,4.3
11,0.12,2.9,3.4,4.3
11,0.13,2.9,3.4,4.3
11,0.14,2.9,3.4,4.2
11,0.15,2.8,3.3,4.2
11,0.16,2.8,3.3,4.1
11,0.17,2.8,3.3,4.1
11,0.18,2.8,3.2,4
11,0.19,2.7,3.2,4
11,0.2,2.7,3.2,4
11,0.21,2.7,3.1,3.9
11,0.22,2.6,3.1,3.9
11,0.23,2.6,3.1,3.8
11,0.24,2.6,3,3.8
11,0.25,2.5,3,3.7
11,0.26,2.5,3,3.7
11,0.27,2.5,2.9,3.6
11,0.28,2.5,2.9,3.6
11,0.29,2.4,2.8,3.6
11,0.3,2.4,2.8,3.5
11,0.31,2.4,2.8,3.5
11,0.32,2.3,2.7,3.4
11,0.33,2.3,2.7,3.4
11,0.34,2.3,2.7,3.3
11,0.35,2.2,2.6,3.3
11,0.36,2.2,2.6,3.2
11,0.37,2.2,2.6,3.2
11,0.38,2.2,2.5,3.1
11,0.39,2.1,2.5,3.1
11,0.4,2.1,2.4,3
11,0.41,2.1,2.4,3
11,0.42,2,2.4,2.9
11,0.43,2,2.3,2.9
11,0.44,2,2.3,2.9
11,0.45,1.9,2.3,2.8
11,0.46,1.9,2.2,2.8
11,0.47,1.9,2.2,2.7
11,0.48,1.8,2.1,2.7
11,0.49,1.8,2.1,2.6
11,0.5,1.8,2.1,2.6
11,0.51,1.7,2,2.5
11,0.52,1.7,2,2.5
11,0.53,1.7,1.9,2.4
11,0.54,1.6,1.9,2.4
11,0.55,1.6,1.9,2.3
11,0.56,1.6,1.8,2.3
11,0.57,1.5,1.8,2.2
11,0.58,1.5,1.8,2.2
11,0.59,1.5,1.7,2.1
11,0.6,1.4,1.7,2.1
11,0.61,1.4,1.6,2
11,0.62,1.4,1.6,2
11,0.63,1.3,1.6,1.9
11,0.64,1.3,1.5,1.9
11,0.65,1.3,1.5,1.8
11,0.66,1.2,1.4,1.8
11,0.67,1.2,1.4,1.7
11,0.68,1.2,1.4,1.7
11,0.69,1.1,1.3,1.6
11,0.7,1.1,1.3,1.6
11,0.71,1.1,1.2,1.5
11,0.72,1,1.2,1.5
11,0.73,1,1.2,1.4
11,0.74,1,1.1,1.4
11,0.75,0.9,1.1,1.3
11,0.76,0.9,1,1.3
11,0.77,0.8,1,1.2
11,0.78,0.8,0.9,1.2
11,0.79,0.8,0.9,1.1
11,0.8,0.7,0.9,1.1
11,0.81,0.7,0.8,1
11,0.82,0.7,0.8,1
11,0.83,0.6,0.7,0.9
11,0.84,0.6,0.7,0.9
11,0.85,0.6,0.6,0.8
11,0.86,0.5,0.6,0.8
11,0.87,0.5,0.6,0.7
11,0.88,0.4,0.5,0.6
11,0.89,0.4,0.5,0.6
11,0.9,0.4,0.4,0.5
11,0.91,0.3,0.4,0.5
11,0.92,0.3,0.3,0.4
11,0.93,0.3,0.3,0.4
11,0.94,0.2,0.3,0.3
11,0.95,0.2,0.2,0.3
11,0.96,0.2,0.2,0.2
11,0.97,0.1,0.1,0.2
11,0.98,0.1,0.1,0.1
11,0.99,0,0,0.1
12,0,3.1,3.7,4.6
12,0.01,3.1,3.6,4.5
12,0.02,3.1,3.6,4.5
12,0.03,3,3.6,4.4
12,0.04,3,3.5,4.4
12,0.05,3,3.5,4.4
12,0.06,3,3.5,4.3
12,0.07,2.9,3.4,4.3
12,0.08,2.9,3.4,4.2
12,0.09,2.9,3.4,4.2
12,0.1,2.8,3.3,4.2
12,0.11,2.8,3.3,4.1
12,0.12,2.8,3.3,4.1
12,0.13,2.8,3.2,4
12,0.14,2.7,3.2,4
12,0.15,2.7,3.2,3.9
12,0.16,2.7,3.1,3.9
12,0.17,2.7,3.1,3.9
12,0.18,2.6,3.1,3.8
12,0.19,2.6,3,3.8
12,0.2,2.6,3,3.7
12,0.21,2.5,3,3.7
12,0.22,2.5,2.9,3.7
12,0.23,2.5,2.9,3.6
12,0.24,2.5,2.9,3.6
12,0.25,2.4,2.8,3.5
12,0.26,2.4,2.8,3.5
12,0.27,2.4,2.8,3.4
12,0.28,2.3,2.7,3.4
12,0.29,2.3,2.7,3.4
12,0.3,2.3,2.7,3.3
12,0.31,2.3,2.6,3.3
12,0.32,2.2,2.6,3.2
12,0.33,2.2,2.6,3.2
12,0.34,2.2,2.5,3.1
12,0.35,2.1,2.5,3.1
12,0.36,2.1,2.5,3
12,0.37,2.1,2.4,3
12,0.38,2,2.4,3
12,0.39,2,2.3,2.9
12,0.4,2,2.3,2.9
12,0.41,2,2.3,2.8
12,0.42,1.9,2.2,2.8
12,0.43,1.9,2.2,2.7
12,0.44,1.9,2.2,2.7
12,0.45,1.8,2.1,2.6
12,0.46,1.8,2.1,2.6
12,0.47,1.8,2.1,2.6
12,0.48,1.7,2,2.5
12,0.49,1.7,2,2.5
12,0.5,1.7,2,2.4
12,0.51,1.6,1.9,2.4
12,0.52,1.6,1.9,2.3
12,0.53,1.6,1.8,2.3
12,0.54,1.6,1.8,2.2
12,0.55,1.5,1.8,2.2
12,0.56,1.5,1.7,2.1
12,0.57,1.5,1.7,2.1
12,0.58,1.4,1.7,2
12,0.59,1.4,1.6,2
12,0.6,1.4,1.6,1.9
12,0.61,1.3,1.5,1.9
12,0.62,1.3,1.5,1.9
12,0.63,1.3,1.5,1.8
12,0.64,1.2,1.4,1.8
12,0.65,1.2,1.4,1.7
12,0.66,1.2,1.4,1.7
12,0.67,1.1,1.3,1.6
12,0.68,1.1,1.3,1.6
12,0.69,1.1,1.2,1.5
12,0.7,1,1.2,1.5
12,0.71,1,1.2,1.4
12,0.72,1,1.1,1.4
12,0.73,0.9,1.1,1.3
12,0.74,0.9,1,1.3
12,0.75,0.9,1,1.2
12,0.76,0.8,1,1.2
12,0.77,0.8,0.9,1.1
12,0.78,0.8,0.9,1.1
12,0.79,0.7,0.8,1
12,0.8,0.7,0.8,1
12,0.81,0.7,0.8,0.9
12,0.82,0.6,0.7,0.9
12,0.83,0.6,0.7,0.8
12,0.84,0.6,0.6,0.8
12,0.85,0.5,0.6,0.7
12,0.86,0.5,0.6,0.7
12,0.87,0.5,0.5,0.7
12,0.88,0.4,0.5,0.6
12,0.89,0.4,0.4,0.6
12,0.9,0.4,0.4,0.5
12,0.91,0.3,0.4,0.5
12,0.92,0.3,0.3,0.4
12,0.93,0.2,0.3,0.4
12,0.94,0.2,0.2,0.3
12,0.95,0.2,0.2,0.3
12,0.96,0.1,0.2,0.2
12,0.97,0.1,0.1,0.2
12,0.98,0.1,0.1,0.1
12,0.99,0,0,0.1
13,0,3,3.5,4.3
13,0.01,3,3.5,4.3
13,0.02,2.9,3.4,4.3
13,0.03,2.9,3.4,4.2
13,0.04,2.9,3.4,4.2
13,0.05,2.9,3.3,4.2
13,0.06,2.8,3.3,4.1
13,0.07,2.8,3.3,4.1
13,0.08,2.8,3.3,4
13,0.09,2.8,3.2,4
13,0.1,2.7,3.2,4
13,0.11,2.7,3.2,3.9
13,0.12,2.7,3.1,3.9
13,0.13,2.7,3.1,3.8
13,0.14,2.6,3.1,3.8
13,0.15,2.6,3,3.8
13,0.16,2.6,3,3.7
13,0.17,2.5,3,3.7
13,0.18,2.5,2.9,3.6
13,0.19,2.5,2.9,3.6
13,0.2,2.5,2.9,3.6
13,0.21,2.4,2.8,3.5
13,0.22,2.4,2.8,3.5
13,0.23,2.4,2.8,3.4
13,0.24,2.4,2.7,3.4
13,0.25,2.3,2.7,3.4
13,0.26,2.3,2.7,3.3
13,0.27,2.3,2.6,3.3
13,0.28,2.2,2.6,3.2
13,0.29,2.2,2.6,3.2
13,0.3,2.2,2.5,3.1
13,0.31,2.2,2.5,3.1
13,0.32,2.1,2.5,3.1
13,0.33,2.1,2.4,3
13,0.34,2.1,2.4,3
13,0.35,2,2.4,2.9
13,0.36,2,2.3,2.9
13,0.37,2,2.3,2.8
13,0.38,2,2.3,2.8
13,0.39,1.9,2.2,2.8
13,0.4,1.9,2.2,2.7
13,0.41,1.9,2.2,2.7
13,0.42,1.8,2.1,2.6
13,0.43,1.8,2.1,2.6
13,0.44,1.8,2.1,2.5
13,0.45,1.7,2,2.5
13,0.46,1.7,2,2.5
13,0.47,1.7,2,2.4
13,0.48,1.7,1.9,2.4
13,0.49,1.6,1.9,2.3
13,0.5,1.6,1.9,2.3
13,0.51,1.6,1.8,2.2
13,0.52,1.5,1.8,2.2
13,0.53,1.5,1.7,2.2
13,0.54,1.5,1.7,2.1
13,0.55,1.4,1.7,2.1
13,0.56,1.4,1.6,2
13,0.57,1.4,1.6,2
13,0.58,1.4,1.6,1.9
13,0.59,1.3,1.5,1.9
13,0.6,1.3,1.5,1.8
13,0.61,1.3,1.5,1.8
13,0.62,1.2,1.4,1.7
13,0.63,1.2,1.4,1.7
13,0.64,1.2,1.4,1.7
13,0.65,1.1,1.3,1.6
13,0.66,1.1,1.3,1.6
13,0.67,1.1,1.2,1.5
13,0.68,1,1.2,1.5
13,0.69,1,1.2,1.4
13,0.7,1,1.1,1.4
13,0.71,0.9,1.1,1.3
13,0.72,0.9,1.1,1.3
13,0.73,0.9,1,1.3
13,0.74,0.9,1,1.2
13,0.75,0.8,0.9,1.2
13,0.76,0.8,0.9,1.1
13,0.77,0.8,0.9,1.1
13,0.78,0.7,0.8,1
13,0.79,0.7,0.8,1
13,0.8,0.7,0.8,0.9
13,0.81,0.6,0.7,0.9
13,0.82,0.6,0.7,0.8
13,0.83,0.6,0.6,0.8
13,0.84,0.5,0.6,0.7
13,0.85,0.5,0.6,0.7
13,0.86,0.5,0.5,0.7
13,0.87,0.4,0.5,0.6
13,0.88,0.4,0.5,0.6
13,0.89,0.4,0.4,0.5
13,0.9,0.3,0.4,0.5
13,0.91,0.3,0.3,0.4
13,0.92,0.3,0.3,0.4
13,0.93,0.2,0.3,0.3
13,0.94,0.2,0.2,0.3
13,0.95,0.2,0.2,0.2
13,0.96,0.1,0.2,0.2
13,0.97,0.1,0.1,0.1
13,0.98,0.1,0.1,0.1
13,0.99,0,0,0
14,0,2.9,3.4,4.2
14,0.01,2.9,3.3,4.1
14,0.02,2.8,3.3,4.1
14,0.03,2.8,3.3,4.1
14,0.04,2.8,3.3,4
14,0.05,2.8,3.2,4
14,0.06,2.7,3.2,3.9
14,0.07,2.7,3.2,3.9
14,0.08,2.7,3.1,3.9
14,0.09,2.7,3.1,3.8
14,0.1,2.6,3.1,3.8
14,0.11,2.6,3,3.7
14,0.12,2.6,3,3.7
14,0.13,2.6,3,3.7
14,0.14,2.5,2.9,3.6
14,0.15,2.5,2.9,3.6
14,0.16,2.5,2.9,3.6
14,0.17,2.5,2.9,3.5
14,0.18,2.4,2.8,3.5
14,0.19,2.4,2.8,3.4
14,0.2,2.4,2.8,3.4
14,0.21,2.3,2.7,3.4
14,0.22,2.3,2.7,3.3
14,0.23,2.3,2.7,3.3
14,0.24,2.3,2.6,3.2
14,0.25,2.2,2.6,3.2
14,0.26,2.2,2.6,3.2
14,0.27,2.2,2.5,3.1
14,0.28,2.2,2.5,3.1
14,0.29,2.1,2.5,3
14,0.3,2.1,2.4,3
14,0.31,2.1,2.4,3
14,0.32,2,2.4,2.9
14,0.33,2,2.3,2.9
14,0.34,2,2.3,2.8
14,0.35,2,2.3,2.8
14,0.36,1.9,2.2,2.8
14,0.37,1.9,2.2,2.7
14,0.38,1.9,2.2,2.7
14,0.39,1.8,2.1,2.6
14,0.4,1.8,2.1,2.6
14,0.41,1.8,2.1,2.5
14,0.42,1.8,2,2.5
14,0.43,1.7,2,2.5
14,0.44,1.7,2,2.4
14,0.45,1.7,1.9,2.4
14,0.46,1.6,1.9,2.3
14,0.47,1.6,1.9,2.3
14,0.48,1.6,1.8,2.3
14,0.49,1.6,1.8,2.2
14,0.5,1.5,1.8,2.2
14,0.51,1.5,1.7,2.1
14,0.52,1.5,1.7,2.1
14,0.53,1.4,1.7,2
14,0.54,1.4,1.6,2
14,0.55,1.4,1.6,2
14,0.56,1.4,1.6,1.9
14,0.57,1.3,1.5,1.9
14,0.58,1.3,1.5,1.8
14,0.59,1.3,1.5,1.8
14,0.6,1.2,1.4,1.7
14,0.61,1.2,1.4,1.7
14,0.62,1.2,1.4,1.7
14,0.63,1.1,1.3,1.6
14,0.64,1.1,1.3,1.6
14,0.65,1.1,1.3,1.5
14,0.66,1.1,1.2,1.5
14,0.67,1,1.2,1.4
14,0.68,1,1.1,1.4
14,0.69,1,1.1,1.4
14,0.7,0.9,1.1,1.3
14,0.71,0.9,1,1.3
14,0.72,0.9,1,1.2
14,0.73,0.8,1,1.2
14,0.74,0.8,0.9,1.1
14,0.75,0.8,0.9,1.1
14,0.76,0.8,0.9,1.1
14,0.77,0.7,0.8,1
14,0.78,0.7,0.8,1
14,0.79,0.7,0.8,0.9
14,0.8,0.6,0.7,0.9
14,0.81,0.6,0.7,0.8
14,0.82,0.6,0.6,0.8
14,0.83,0.5,0.6,0.7
14,0.84,0.5,0.6,0.7
14,0.85,0.5,0.5,0.7
14,0.86,0.4,0.5,0.6
14,0.87,0.4,0.5,0.6
14,0.88,0.4,0.4,0.5
14,0.89,0.3,0.4,0.5
14,0.9,0.3,0.4,0.4
14,0.91,0.3,0.3,0.4
14,0.92,0.3,0.3,0.4
14,0.93,0.2,0.3,0.3
14,0.94,0.2,0.2,0.3
14,0.95,0.2,0.2,0.2
14,0.96,0.1,0.1,0.2
14,0.97,0.1,0.1,0.1
14,0.98,0.1,0.1,0.1
14,0.99,0,0,0
15,0,2.8,3.3,4
15,0.01,2.8,3.2,4
15,0.02,2.8,3.2,3.9
15,0.03,2.7,3.2,3.9
15,0.04,2.7,3.1,3.9
15,0.05,2.7,3.1,3.8
15,0.06,2.7,3.1,3.8
15,0.07,2.6,3,3.7
15,0.08,2.6,3,3.7
15,0.09,2.6,3,3.7
15,0.1,2.6,3,3.6
15,0.11,2.5,2.9,3.6
15,0.12,2.5,2.9,3.6
15,0.13,2.5,2.9,3.5
15,0.14,2.5,2.8,3.5
15,0.15,2.4,2.8,3.4
15,0.16,2.4,2.8,3.4
15,0.17,2.4,2.7,3.4
15,0.18,2.3,2.7,3.3
15,0.19,2.3,2.7,3.3
15,0.2,2.3,2.7,3.3
15,0.21,2.3,2.6,3.2
15,0.22,2.2,2.6,3.2
15,0.23,2.2,2.6,3.1
15,0.24,2.2,2.5,3.1
15,0.25,2.2,2.5,3.1
15,0.26,2.1,2.5,3
15,0.27,2.1,2.4,3
15,0.28,2.1,2.4,2.9
15,0.29,2.1,2.4,2.9
15,0.3,2,2.3,2.9
15,0.31,2,2.3,2.8
15,0.32,2,2.3,2.8
15,0.33,1.9,2.2,2.7
15,0.34,1.9,2.2,2.7
15,0.35,1.9,2.2,2.7
15,0.36,1.9,2.2,2.6
15,0.37,1.8,2.1,2.6
15,0.38,1.8,2.1,2.6
15,0.39,1.8,2.1,2.5
15,0.4,1.8,2,2.5
15,0.41,1.7,2,2.4
15,0.42,1.7,2,2.4
15,0.43,1.7,1.9,2.4
15,0.44,1.6,1.9,2.3
15,0.45,1.6,1.9,2.3
15,0.46,1.6,1.8,2.2
15,0.47,1.6,1.8,2.2
15,0.48,1.5,1.8,2.2
15,0.49,1.5,1.7,2.1
15,0.5,1.5,1.7,2.1
15,0.51,1.4,1.7,2
15,0.52,1.4,1.6,2
15,0.53,1.4,1.6,1.9
15,0.54,1.4,1.6,1.9
15,0.55,1.3,1.5,1.9
15,0.56,1.3,1.5,1.8
15,0.57,1.3,1.5,1.8
15,0.58,1.2,1.4,1.7
15,0.59,1.2,1.4,1.7
15,0.6,1.2,1.4,1.7
15,0.61,1.2,1.3,1.6
15,0.62,1.1,1.3,1.6
15,0.63,1.1,1.3,1.5
15,0.64,1.1,1.2,1.5
15,0.65,1,1.2,1.5
15,0.66,1,1.2,1.4
15,0.67,1,1.1,1.4
15,0.68,1,1.1,1.3
15,0.69,0.9,1.1,1.3
15,0.7,0.9,1,1.2
15,0.71,0.9,1,1.2
15,0.72,0.8,1,1.2
15,0.73,0.8,0.9,1.1
15,0.74,0.8,0.9,1.1
15,0.75,0.7,0.9,1
15,0.76,0.7,0.8,1
15,0.77,0.7,0.8,1
15,0.78,0.7,0.8,0.9
15,0.79,0.6,0.7,0.9
15,0.8,0.6,0.7,0.8
15,0.81,0.6,0.7,0.8
15,0.82,0.5,0.6,0.8
15,0.83,0.5,0.6,0.7
15,0.84,0.5,0.6,0.7
15,0.85,0.5,0.5,0.6
15,0.86,0.4,0.5,0.6
15,0.87,0.4,0.4,0.5
15,0.88,0.4,0.4,0.5
15,0.89,0.3,0.4,0.5
15,0.9,0.3,0.3,0.4
15,0.91,0.3,0.3,0.4
15,0.92,0.2,0.3,0.3
15,0.93,0.2,0.2,0.3
15,0.94,0.2,0.2,0.3
15,0.95,0.2,0.2,0.2
15,0.96,0.1,0.1,0.2
15,0.97,0.1,0.1,0.1
15,0.98,0.1,0.1,0.1
15,0.99,0,0,0
16,0,2.7,3.2,3.9
16,0.01,2.7,3.1,3.8
16,0.02,2.7,3.1,3.8
16,0.03,2.6,3.1,3.8
16,0.04,2.6,3,3.7
16,0.05,2.6,3,3.7
16,0.06,2.6,3,3.6
16,0.07,2.6,3,3.6
16,0.08,2.5,2.9,3.6
16,0.09,2.5,2.9,3.5
16,0.1,2.5,2.9,3.5
16,0.11,2.5,2.8,3.5
16,0.12,2.4,2.8,3.4
16,0.13,2.4,2.8,3.4
16,0.14,2.4,2.7,3.4
16,0.15,2.4,2.7,3.3
16,0.16,2.3,2.7,3.3
16,0.17,2.3,2.7,3.2
16,0.18,2.3,2.6,3.2
16,0.19,2.2,2.6,3.2
16,0.2,2.2,2.6,3.1
16,0.21,2.2,2.5,3.1
16,0.22,2.2,2.5,3.1
16,0.23,2.1,2.5,3
16,0.24,2.1,2.4,3
16,0.25,2.1,2.4,2.9
16,0.26,2.1,2.4,2.9
16,0.27,2,2.4,2.9
16,0.28,2,2.3,2.8
16,0.29,2,2.3,2.8
16,0.3,2,2.3,2.8
16,0.31,1.9,2.2,2.7
16,0.32,1.9,2.2,2.7
16,0.33,1.9,2.2,2.6
16,0.34,1.9,2.1,2.6
16,0.35,1.8,2.1,2.6
16,0.36,1.8,2.1,2.5
16,0.37,1.8,2,2.5
16,0.38,1.8,2,2.5
16,0.39,1.7,2,2.4
16,0.4,1.7,2,2.4
16,0.41,1.7,1.9,2.3
16,0.42,1.6,1.9,2.3
16,0.43,1.6,1.9,2.3
16,0.44,1.6,1.8,2.2
16,0.45,1.6,1.8,2.2
16,0.46,1.5,1.8,2.1
16,0.47,1.5,1.7,2.1
16,0.48,1.5,1.7,2.1
16,0.49,1.5,1.7,2
16,0.5,1.4,1.6,2
16,0.51,1.4,1.6,1.9
16,0.52,1.4,1.6,1.9
16,0.53,1.3,1.5,1.9
16,0.54,1.3,1.5,1.8
16,0.55,1.3,1.5,1.8
16,0.56,1.3,1.4,1.7
16,0.57,1.2,1.4,1.7
16,0.58,1.2,1.4,1.7
16,0.59,1.2,1.3,1.6
16,0.6,1.1,1.3,1.6
16,0.61,1.1,1.3,1.6
16,0.62,1.1,1.2,1.5
16,0.63,1.1,1.2,1.5
16,0.64,1,1.2,1.4
16,0.65,1,1.1,1.4
16,0.66,1,1.1,1.4
16,0.67,0.9,1.1,1.3
16,0.68,0.9,1.1,1.3
16,0.69,0.9,1,1.2
16,0.7,0.9,1,1.2
16,0.71,0.8,1,1.2
16,0.72,0.8,0.9,1.1
16,0.73,0.8,0.9,1.1
16,0.74,0.7,0.9,1
16,0.75,0.7,0.8,1
16,0.76,0.7,0.8,1
16,0.77,0.7,0.8,0.9
16,0.78,0.6,0.7,0.9
16,0.79,0.6,0.7,0.8
16,0.8,0.6,0.7,0.8
16,0.81,0.5,0.6,0.8
16,0.82,0.5,0.6,0.7
16,0.83,0.5,0.6,0.7
16,0.84,0.5,0.5,0.6
16,0.85,0.4,0.5,0.6
16,0.86,0.4,0.5,0.6
16,0.87,0.4,0.4,0.5
16,0.88,0.3,0.4,0.5
16,0.89,0.3,0.4,0.4
16,0.9,0.3,0.3,0.4
16,0.91,0.3,0.3,0.4
16,0.92,0.2,0.3,0.3
16,0.93,0.2,0.2,0.3
16,0.94,0.2,0.2,0.2
16,0.95,0.1,0.2,0.2
16,0.96,0.1,0.1,0.2
16,0.97,0.1,0.1,0.1
16,0.98,0.1,0.1,0.1
16,0.99,0,0,0
17,0,2.7,3.1,3.7
17,0.01,2.6,3,3.7
17,0.02,2.6,3,3.7
17,0.03,2.6,3,3.6
17,0.04,2.6,3,3.6
17,0.05,2.5,2.9,3.6
17,0.06,2.5,2.9,3.5
17,0.07,2.5,2.9,3.5
17,0.08,2.5,2.8,3.5
17,0.09,2.4,2.8,3.4
17,0.1,2.4,2.8,3.4
17,0.11,2.4,2.8,3.3
17,0.12,2.4,2.7,3.3
17,0.13,2.3,2.7,3.3
17,0.14,2.3,2.7,3.2
17,0.15,2.3,2.6,3.2
17,0.16,2.3,2.6,3.2
17,0.17,2.2,2.6,3.1
17,0.18,2.2,2.5,3.1
17,0.19,2.2,2.5,3.1
17,0.2,2.2,2.5,3
17,0.21,2.1,2.5,3
17,0.22,2.1,2.4,3
17,0.23,2.1,2.4,2.9
17,0.24,2.1,2.4,2.9
17,0.25,2,2.3,2.8
17,0.26,2,2.3,2.8
17,0.27,2,2.3,2.8
17,0.28,2,2.3,2.7
17,0.29,1.9,2.2,2.7
17,0.3,1.9,2.2,2.7
17,0.31,1.9,2.2,2.6
17,0.32,1.9,2.1,2.6
17,0.33,1.8,2.1,2.5
17,0.34,1.8,2.1,2.5
17,0.35,1.8,2,2.5
17,0.36,1.8,2,2.4
17,0.37,1.7,2,2.4
17,0.38,1.7,1.9,2.4
17,0.39,1.7,1.9,2.3
17,0.4,1.6,1.9,2.3
17,0.41,1.6,1.9,2.2
17,0.42,1.6,1.8,2.2
17,0.43,1.6,1.8,2.2
17,0.44,1.5,1.8,2.1
17,0.45,1.5,1.7,2.1
17,0.46,1.5,1.7,2.1
17,0.47,1.5,1.7,2
17,0.48,1.4,1.6,2
17,0.49,1.4,1.6,1.9
17,0.5,1.4,1.6,1.9
17,0.51,1.4,1.5,1.9
17,0.52,1.3,1.5,1.8
17,0.53,1.3,1.5,1.8
17,0.54,1.3,1.5,1.8
17,0.55,1.2,1.4,1.7
17,0.56,1.2,1.4,1.7
17,0.57,1.2,1.4,1.6
17,0.58,1.2,1.3,1.6
17,0.59,1.1,1.3,1.6
17,0.6,1.1,1.3,1.5
17,0.61,1.1,1.2,1.5
17,0.62,1.1,1.2,1.4
17,0.63,1,1.2,1.4
17,0.64,1,1.1,1.4
17,0.65,1,1.1,1.3
17,0.66,0.9,1.1,1.3
17,0.67,0.9,1,1.3
17,0.68,0.9,1,1.2
17,0.69,0.9,1,1.2
17,0.7,0.8,0.9,1.1
17,0.71,0.8,0.9,1.1
17,0.72,0.8,0.9,1.1
17,0.73,0.7,0.9,1
17,0.74,0.7,0.8,1
17,0.75,0.7,0.8,1
17,0.76,0.7,0.8,0.9
17,0.77,0.6,0.7,0.9
17,0.78,0.6,0.7,0.8
17,0.79,0.6,0.7,0.8
17,0.8,0.6,0.6,0.8
17,0.81,0.5,0.6,0.7
17,0.82,0.5,0.6,0.7
17,0.83,0.5,0.5,0.6
17,0.84,0.4,0.5,0.6
17,0.85,0.4,0.5,0.6
17,0.86,0.4,0.4,0.5
17,0.87,0.4,0.4,0.5
17,0.88,0.3,0.4,0.5
17,0.89,0.3,0.3,0.4
17,0.9,0.3,0.3,0.4
17,0.91,0.3,0.3,0.3
17,0.92,0.2,0.3,0.3
17,0.93,0.2,0.2,0.3
17,0.94,0.2,0.2,0.2
17,0.95,0,0.2,0.2
17,0.96,0,0.1,0.2
17,0.97,0,0.1,0.1
17,0.98,0,0.1,0.1
17,0.99,0,0,0
18,0,2.6,3,3.6
18,0.01,2.6,3,3.6
18,0.02,2.5,2.9,3.6
18,0.03,2.5,2.9,3.5
18,0.04,2.5,2.9,3.5
18,0.05,2.5,2.8,3.5
18,0.06,2.4,2.8,3.4
18,0.07,2.4,2.8,3.4
18,0.08,2.4,2.8,3.4
18,0.09,2.4,2.7,3.3
18,0.1,2.3,2.7,3.3
18,0.11,2.3,2.7,3.2
18,0.12,2.3,2.6,3.2
18,0.13,2.3,2.6,3.2
18,0.14,2.3,2.6,3.1
18,0.15,2.2,2.6,3.1
18,0.16,2.2,2.5,3.1
18,0.17,2.2,2.5,3
18,0.18,2.2,2.5,3
18,0.19,2.1,2.4,3
18,0.2,2.1,2.4,2.9
18,0.21,2.1,2.4,2.9
18,0.22,2.1,2.4,2.9
18,0.23,2,2.3,2.8
18,0.24,2,2.3,2.8
18,0.25,2,2.3,2.8
18,0.26,2,2.2,2.7
18,0.27,1.9,2.2,2.7
18,0.28,1.9,2.2,2.6
18,0.29,1.9,2.2,2.6
18,0.3,1.9,2.1,2.6
18,0.31,1.8,2.1,2.5
18,0.32,1.8,2.1,2.5
18,0.33,1.8,2,2.5
18,0.34,1.8,2,2.4
18,0.35,1.7,2,2.4
18,0.36,1.7,1.9,2.4
18,0.37,1.7,1.9,2.3
18,0.38,1.7,1.9,2.3
18,0.39,1.6,1.9,2.2
18,0.4,1.6,1.8,2.2
18,0.41,1.6,1.8,2.2
18,0.42,1.5,1.8,2.1
18,0.43,1.5,1.7,2.1
18,0.44,1.5,1.7,2.1
18,0.45,1.5,1.7,2
18,0.46,1.4,1.6,2
18,0.47,1.4,1.6,2
18,0.48,1.4,1.6,1.9
18,0.49,1.4,1.6,1.9
18,0.5,1.3,1.5,1.8
18,0.51,1.3,1.5,1.8
18,0.52,1.3,1.5,1.8
18,0.53,1.3,1.4,1.7
18,0.54,1.2,1.4,1.7
18,0.55,1.2,1.4,1.7
18,0.56,1.2,1.3,1.6
18,0.57,1.2,1.3,1.6
18,0.58,1.1,1.3,1.5
18,0.59,1.1,1.3,1.5
18,0.6,1.1,1.2,1.5
18,0.61,1,1.2,1.4
18,0.62,1,1.2,1.4
18,0.63,1,1.1,1.4
18,0.64,1,1.1,1.3
18,0.65,0.9,1.1,1.3
18,0.66,0.9,1,1.2
18,0.67,0.9,1,1.2
18,0.68,0.9,1,1.2
18,0.69,0.8,0.9,1.1
18,0.7,0.8,0.9,1.1
18,0.71,0.8,0.9,1.1
18,0.72,0.8,0.9,1
18,0.73,0.7,0.8,1
18,0.74,0.7,0.8,1
18,0.75,0.7,0.8,0.9
18,0.76,0.6,0.7,0.9
18,0.77,0.6,0.7,0.8
18,0.78,0.6,0.7,0.8
18,0.79,0.6,0.6,0.8
18,0.8,0.5,0.6,0.7
18,0.81,0.5,0.6,0.7
18,0.82,0.5,0.5,0.7
18,0.83,0.5,0.5,0.6
18,0.84,0.4,0.5,0.6
18,0.85,0.4,0.5,0.5
18,0.86,0.4,0.4,0.5
18,0.87,0.3,0.4,0.5
18,0.88,0.3,0.4,0.4
18,0.89,0.3,0.3,0.4
18,0.9,0,0.3,0.4
18,0.91,0,0.3,0.3
18,0.92,0,0.2,0.3
18,0.93,0,0.2,0.3
18,0.94,0,0.2,0.2
18,0.95,0,0.2,0.2
18,0.96,0,0.1,0.1
18,0.97,0,0.1,0.1
18,0.98,0,0.1,0.1
18,0.99,0,0,0
19,0,2.5,2.9,3.5
19,0.01,2.5,2.9,3.5
19,0.02,2.5,2.9,3.5
19,0.03,2.5,2.8,3.4
19,0.04,2.4,2.8,3.4
19,0.05,2.4,2.8,3.4
19,0.06,2.4,2.7,3.3
19,0.07,2.4,2.7,3.3
19,0.08,2.3,2.7,3.3
19,0.09,2.3,2.7,3.2
19,0.1,2.3,2.6,3.2
19,0.11,2.3,2.6,3.2
19,0.12,2.2,2.6,3.1
19,0.13,2.2,2.6,3.1
19,0.14,2.2,2.5,3.1
19,0.15,2.2,2.5,3
19,0.16,2.2,2.5,3
19,0.17,2.1,2.4,2.9
19,0.18,2.1,2.4,2.9
19,0.19,2.1,2.4,2.9
19,0.2,2.1,2.4,2.8
19,0.21,2,2.3,2.8
19,0.22,2,2.3,2.8
19,0.23,2,2.3,2.7
19,0.24,2,2.2,2.7
19,0.25,1.9,2.2,2.7
19,0.26,1.9,2.2,2.6
19,0.27,1.9,2.2,2.6
19,0.28,1.9,2.1,2.6
19,0.29,1.8,2.1,2.5
19,0.3,1.8,2.1,2.5
19,0.31,1.8,2,2.5
19,0.32,1.8,2,2.4
19,0.33,1.7,2,2.4
19,0.34,1.7,2,2.4
19,0.35,1.7,1.9,2.3
19,0.36,1.7,1.9,2.3
19,0.37,1.6,1.9,2.2
19,0.38,1.6,1.8,2.2
19,0.39,1.6,1.8,2.2
19,0.4,1.6,1.8,2.1
19,0.41,1.5,1.7,2.1
19,0.42,1.5,1.7,2.1
19,0.43,1.5,1.7,2
19,0.44,1.5,1.7,2
19,0.45,1.4,1.6,2
19,0.46,1.4,1.6,1.9
19,0.47,1.4,1.6,1.9
19,0.48,1.4,1.5,1.9
19,0.49,1.3,1.5,1.8
19,0.5,1.3,1.5,1.8
19,0.51,1.3,1.5,1.7
19,0.52,1.3,1.4,1.7
19,0.53,1.2,1.4,1.7
19,0.54,1.2,1.4,1.6
19,0.55,1.2,1.3,1.6
19,0.56,1.1,1.3,1.6
19,0.57,1.1,1.3,1.5
19,0.58,1.1,1.2,1.5
19,0.59,1.1,1.2,1.5
19,0.6,1,1.2,1.4
19,0.61,1,1.2,1.4
19,0.62,1,1.1,1.3
19,0.63,1,1.1,1.3
19,0.64,0.9,1.1,1.3
19,0.65,0.9,1,1.2
19,0.66,0.9,1,1.2
19,0.67,0.9,1,1.2
19,0.68,0.8,0.9,1.1
19,0.69,0.8,0.9,1.1
19,0.7,0.8,0.9,1.1
19,0.71,0.8,0.9,1
19,0.72,0.7,0.8,1
19,0.73,0.7,0.8,1
19,0.74,0.7,0.8,0.9
19,0.75,0.7,0.7,0.9
19,0.76,0.6,0.7,0.8
19,0.77,0.6,0.7,0.8
19,0.78,0.6,0.6,0.8
19,0.79,0.5,0.6,0.7
19,0.8,0.5,0.6,0.7
19,0.81,0.5,0.6,0.7
19,0.82,0.5,0.5,0.6
19,0.83,0.4,0.5,0.6
19,0.84,0.4,0.5,0.6
19,0.85,0.4,0.4,0.5
19,0.86,0,0.4,0.5
19,0.87,0,0.4,0.5
19,0.88,0,0.4,0.4
19,0.89,0,0.3,0.4
19,0.9,0,0.3,0.3
19,0.91,0,0.3,0.3
19,0.92,0,0.2,0.3
19,0.93,0,0.2,0.2
19,0.94,0,0.2,0.2
19,0.95,0,0.1,0.2
19,0.96,0,0.1,0.1
19,0.97,0,0.1,0.1
19,0.98,0,0.1,0.1
19,0.99,0,0,0
20,0,2.5,2.8,3.4
20,0.01,2.5,2.8,3.4
20,0.02,2.4,2.8,3.4
20,0.03,2.4,2.8,3.3
20,0.04,2.4,2.7,3.3
20,0.05,2.4,2.7,3.3
20,0.06,2.3,2.7,3.2
20,0.07,2.3,2.7,3.2
20,0.08,2.3,2.6,3.2
20,0.09,2.3,2.6,3.1
20,0.1,2.2,2.6,3.1
20,0.11,2.2,2.5,3.1
20,0.12,2.2,2.5,3
20,0.13,2.2,2.5,3
20,0.14,2.2,2.5,3
20,0.15,2.1,2.4,2.9
20,0.16,2.1,2.4,2.9
20,0.17,2.1,2.4,2.9
20,0.18,2.1,2.4,2.8
20,0.19,2,2.3,2.8
20,0.2,2,2.3,2.8
20,0.21,2,2.3,2.7
20,0.22,2,2.2,2.7
20,0.23,1.9,2.2,2.7
20,0.24,1.9,2.2,2.6
20,0.25,1.9,2.2,2.6
20,0.26,1.9,2.1,2.6
20,0.27,1.8,2.1,2.5
20,0.28,1.8,2.1,2.5
20,0.29,1.8,2,2.5
20,0.3,1.8,2,2.4
20,0.31,1.7,2,2.4
20,0.32,1.7,2,2.4
20,0.33,1.7,1.9,2.3
20,0.34,1.7,1.9,2.3
20,0.35,1.6,1.9,2.2
20,0.36,1.6,1.8,2.2
20,0.37,1.6,1.8,2.2
20,0.38,1.6,1.8,2.1
20,0.39,1.5,1.8,2.1
20,0.4,1.5,1.7,2.1
20,0.41,1.5,1.7,2
20,0.42,1.5,1.7,2
20,0.43,1.4,1.6,2
20,0.44,1.4,1.6,1.9
20,0.45,1.4,1.6,1.9
20,0.46,1.4,1.6,1.9
20,0.47,1.3,1.5,1.8
20,0.48,1.3,1.5,1.8
20,0.49,1.3,1.5,1.8
20,0.5,1.3,1.4,1.7
20,0.51,1.2,1.4,1.7
20,0.52,1.2,1.4,1.7
20,0.53,1.2,1.4,1.6
20,0.54,1.2,1.3,1.6
20,0.55,1.1,1.3,1.5
20,0.56,1.1,1.3,1.5
20,0.57,1.1,1.2,1.5
20,0.58,1.1,1.2,1.4
20,0.59,1,1.2,1.4
20,0.6,1,1.1,1.4
20,0.61,1,1.1,1.3
20,0.62,1,1.1,1.3
20,0.63,0.9,1.1,1.3
20,0.64,0.9,1,1.2
20,0.65,0.9,1,1.2
20,0.66,0.9,1,1.2
20,0.67,0.8,0.9,1.1
20,0.68,0.8,0.9,1.1
20,0.69,0.8,0.9,1.1
20,0.7,0.8,0.9,1
20,0.71,0.7,0.8,1
20,0.72,0.7,0.8,1
20,0.73,0.7,0.8,0.9
20,0.74,0.7,0.7,0.9
20,0.75,0.6,0.7,0.8
20,0.76,0.6,0.7,0.8
20,0.77,0.6,0.7,0.8
20,0.78,0.6,0.6,0.7
20,0.79,0.5,0.6,0.7
20,0.8,0.5,0.6,0.7
20,0.81,0.5,0.5,0.6
20,0.82,0,0.5,0.6
20,0.83,0,0.5,0.6
20,0.84,0,0.5,0.5
20,0.85,0,0.4,0.5
20,0.86,0,0.4,0.5
20,0.87,0,0.4,0.4
20,0.88,0,0.3,0.4
20,0.89,0,0.3,0.4
20,0.9,0,0.3,0.3
20,0.91,0,0.3,0.3
20,0.92,0,0.2,0.3
20,0.93,0,0.2,0.2
20,0.94,0,0.2,0.2
20,0.95,0,0.1,0.2
20,0.96,0,0.1,0.1
20,0.97,0,0.1,0.1
20,0.98,0,0.1,0.1
20,0.99,0,0,0
21,0,2.4,2.8,3.3
21,0.01,2.4,2.8,3.3
21,0.02,2.4,2.7,3.3
21,0.03,2.4,2.7,3.2
21,0.04,2.3,2.7,3.2
21,0.05,2.3,2.6,3.2
21,0.06,2.3,2.6,3.1
21,0.07,2.3,2.6,3.1
21,0.08,2.2,2.6,3.1
21,0.09,2.2,2.5,3.1
21,0.1,2.2,2.5,3
21,0.11,2.2,2.5,3
21,0.12,2.2,2.5,3
21,0.13,2.1,2.4,2.9
21,0.14,2.1,2.4,2.9
21,0.15,2.1,2.4,2.9
21,0.16,2.1,2.4,2.8
21,0.17,2,2.3,2.8
21,0.18,2,2.3,2.8
21,0.19,2,2.3,2.7
21,0.2,2,2.2,2.7
21,0.21,1.9,2.2,2.7
21,0.22,1.9,2.2,2.6
21,0.23,1.9,2.2,2.6
21,0.24,1.9,2.1,2.6
21,0.25,1.8,2.1,2.5
21,0.26,1.8,2.1,2.5
21,0.27,1.8,2,2.5
21,0.28,1.8,2,2.4
21,0.29,1.8,2,2.4
21,0.3,1.7,2,2.4
21,0.31,1.7,1.9,2.3
21,0.32,1.7,1.9,2.3
21,0.33,1.7,1.9,2.3
21,0.34,1.6,1.9,2.2
21,0.35,1.6,1.8,2.2
21,0.36,1.6,1.8,2.2
21,0.37,1.6,1.8,2.1
21,0.38,1.5,1.7,2.1
21,0.39,1.5,1.7,2
21,0.4,1.5,1.7,2
21,0.41,1.5,1.7,2
21,0.42,1.4,1.6,1.9
21,0.43,1.4,1.6,1.9
21,0.44,1.4,1.6,1.9
21,0.45,1.4,1.5,1.8
21,0.46,1.3,1.5,1.8
21,0.47,1.3,1.5,1.8
21,0.48,1.3,1.5,1.7
21,0.49,1.3,1.4,1.7
21,0.5,1.2,1.4,1.7
21,0.51,1.2,1.4,1.6
21,0.52,1.2,1.3,1.6
21,0.53,1.2,1.3,1.6
21,0.54,1.1,1.3,1.5
21,0.55,1.1,1.3,1.5
21,0.56,1.1,1.2,1.5
21,0.57,1.1,1.2,1.4
21,0.58,1,1.2,1.4
21,0.59,1,1.1,1.4
21,0.6,1,1.1,1.3
21,0.61,1,1.1,1.3
21,0.62,0.9,1.1,1.3
21,0.63,0.9,1,1.2
21,0.64,0.9,1,1.2
21,0.65,0.9,1,1.2
21,0.66,0.8,0.9,1.1
21,0.67,0.8,0.9,1.1
21,0.68,0.8,0.9,1.1
21,0.69,0.8,0.9,1
21,0.7,0.7,0.8,1
21,0.71,0.7,0.8,1
21,0.72,0.7,0.8,0.9
21,0.73,0.7,0.7,0.9
21,0.74,0.6,0.7,0.9
21,0.75,0.6,0.7,0.8
21,0.76,0.6,0.7,0.8
21,0.77,0.6,0.6,0.8
21,0.78,0.5,0.6,0.7
21,0.79,0,0.6,0.7
21,0.8,0,0.6,0.7
21,0.81,0,0.5,0.6
21,0.82,0,0.5,0.6
21,0.83,0,0.5,0.6
21,0.84,0,0.4,0.5
21,0.85,0,0.4,0.5
21,0.86,0,0.4,0.5
21,0.87,0,0.4,0.4
21,0.88,0,0.3,0.4
21,0.89,0,0.3,0.4
21,0.9,0,0.3,0.3
21,0.91,0,0.2,0.3
21,0.92,0,0.2,0.3
21,0.93,0,0.2,0.2
21,0.94,0,0.2,0.2
21,0.95,0,0.1,0.2
21,0.96,0,0,0.1
21,0.97,0,0,0.1
21,0.98,0,0,0.1
21,0.99,0,0,0
22,0,2.4,2.7,3.3
22,0.01,2.4,2.7,3.2
22,0.02,2.3,2.7,3.2
22,0.03,2.3,2.6,3.2
22,0.04,2.3,2.6,3.1
22,0.05,2.3,2.6,3.1
22,0.06,2.3,2.6,3.1
22,0.07,2.2,2.5,3
22,0.08,2.2,2.5,3
22,0.09,2.2,2.5,3
22,0.1,2.2,2.5,3
22,0.11,2.1,2.4,2.9
22,0.12,2.1,2.4,2.9
22,0.13,2.1,2.4,2.9
22,0.14,2.1,2.4,2.8
22,0.15,2,2.3,2.8
22,0.16,2,2.3,2.8
22,0.17,2,2.3,2.7
22,0.18,2,2.2,2.7
22,0.19,2,2.2,2.7
22,0.2,1.9,2.2,2.6
22,0.21,1.9,2.2,2.6
22,0.22,1.9,2.1,2.6
22,0.23,1.9,2.1,2.5
22,0.24,1.8,2.1,2.5
22,0.25,1.8,2.1,2.5
22,0.26,1.8,2,2.4
22,0.27,1.8,2,2.4
22,0.28,1.7,2,2.4
22,0.29,1.7,1.9,2.3
22,0.3,1.7,1.9,2.3
22,0.31,1.7,1.9,2.3
22,0.32,1.6,1.9,2.2
22,0.33,1.6,1.8,2.2
22,0.34,1.6,1.8,2.2
22,0.35,1.6,1.8,2.1
22,0.36,1.6,1.8,2.1
22,0.37,1.5,1.7,2.1
22,0.38,1.5,1.7,2
22,0.39,1.5,1.7,2
22,0.4,1.5,1.6,2
22,0.41,1.4,1.6,1.9
22,0.42,1.4,1.6,1.9
22,0.43,1.4,1.6,1.9
22,0.44,1.4,1.5,1.8
22,0.45,1.3,1.5,1.8
22,0.46,1.3,1.5,1.8
22,0.47,1.3,1.5,1.7
22,0.48,1.3,1.4,1.7
22,0.49,1.2,1.4,1.7
22,0.5,1.2,1.4,1.6
22,0.51,1.2,1.3,1.6
22,0.52,1.2,1.3,1.6
22,0.53,1.1,1.3,1.5
22,0.54,1.1,1.3,1.5
22,0.55,1.1,1.2,1.5
22,0.56,1.1,1.2,1.4
22,0.57,1,1.2,1.4
22,0.58,1,1.1,1.4
22,0.59,1,1.1,1.3
22,0.6,1,1.1,1.3
22,0.61,0.9,1.1,1.3
22,0.62,0.9,1,1.2
22,0.63,0.9,1,1.2
22,0.64,0.9,1,1.2
22,0.65,0.8,1,1.1
22,0.66,0.8,0.9,1.1
22,0.67,0.8,0.9,1.1
22,0.68,0.8,0.9,1
22,0.69,0.7,0.8,1
22,0.7,0.7,0.8,1
22,0.71,0.7,0.8,0.9
22,0.72,0.7,0.8,0.9
22,0.73,0.7,0.7,0.9
22,0.74,0.6,0.7,0.8
22,0.75,0.6,0.7,0.8
22,0.76,0,0.6,0.8
22,0.77,0,0.6,0.7
22,0.78,0,0.6,0.7
22,0.79,0,0.6,0.7
22,0.8,0,0.5,0.6
22,0.81,0,0.5,0.6
22,0.82,0,0.5,0.6
22,0.83,0,0.5,0.5
22,0.84,0,0.4,0.5
22,0.85,0,0.4,0.5
22,0.86,0,0.4,0.4
22,0.87,0,0.3,0.4
22,0.88,0,0.3,0.4
22,0.89,0,0.3,0.3
22,0.9,0,0.3,0.3
22,0.91,0,0.2,0.3
22,0.92,0,0,0.2
22,0.93,0,0,0.2
22,0.94,0,0,0.2
22,0.95,0,0,0.2
22,0.96,0,0,0.1
22,0.97,0,0,0.1
22,0.98,0,0,0.1
22,0.99,0,0,0
23,0,2.3,2.7,3.2
23,0.01,2.3,2.6,3.2
23,0.02,2.3,2.6,3.1
23,0.03,2.3,2.6,3.1
23,0.04,2.3,2.6,3.1
23,0.05,2.2,2.5,3
23,0.06,2.2,2.5,3
23,0.07,2.2,2.5,3
23,0.08,2.2,2.5,2.9
23,0.09,2.1,2.4,2.9
23,0.1,2.1,2.4,2.9
23,0.11,2.1,2.4,2.9
23,0.12,2.1,2.4,2.8
23,0.13,2.1,2.3,2.8
23,0.14,2,2.3,2.8
23,0.15,2,2.3,2.7
23,0.16,2,2.3,2.7
23,0.17,2,2.2,2.7
23,0.18,1.9,2.2,2.6
23,0.19,1.9,2.2,2.6
23,0.2,1.9,2.1,2.6
23,0.21,1.9,2.1,2.5
23,0.22,1.8,2.1,2.5
23,0.23,1.8,2.1,2.5
23,0.24,1.8,2,2.4
23,0.25,1.8,2,2.4
23,0.26,1.8,2,2.4
23,0.27,1.7,2,2.3
23,0.28,1.7,1.9,2.3
23,0.29,1.7,1.9,2.3
23,0.3,1.7,1.9,2.2
23,0.31,1.6,1.9,2.2
23,0.32,1.6,1.8,2.2
23,0.33,1.6,1.8,2.1
23,0.34,1.6,1.8,2.1
23,0.35,1.5,1.7,2.1
23,0.36,1.5,1.7,2
23,0.37,1.5,1.7,2
23,0.38,1.5,1.7,2
23,0.39,1.5,1.6,1.9
23,0.4,1.4,1.6,1.9
23,0.41,1.4,1.6,1.9
23,0.42,1.4,1.6,1.8
23,0.43,1.4,1.5,1.8
23,0.44,1.3,1.5,1.8
23,0.45,1.3,1.5,1.8
23,0.46,1.3,1.4,1.7
23,0.47,1.3,1.4,1.7
23,0.48,1.2,1.4,1.7
23,0.49,1.2,1.4,1.6
23,0.5,1.2,1.3,1.6
23,0.51,1.2,1.3,1.6
23,0.52,1.1,1.3,1.5
23,0.53,1.1,1.3,1.5
23,0.54,1.1,1.2,1.5
23,0.55,1.1,1.2,1.4
23,0.56,1,1.2,1.4
23,0.57,1,1.1,1.4
23,0.58,1,1.1,1.3
23,0.59,1,1.1,1.3
23,0.6,0.9,1.1,1.3
23,0.61,0.9,1,1.2
23,0.62,0.9,1,1.2
23,0.63,0.9,1,1.2
23,0.64,0.9,1,1.1
23,0.65,0.8,0.9,1.1
23,0.66,0.8,0.9,1.1
23,0.67,0.8,0.9,1
23,0.68,0.8,0.8,1
23,0.69,0.7,0.8,1
23,0.7,0.7,0.8,0.9
23,0.71,0.7,0.8,0.9
23,0.72,0.7,0.7,0.9
23,0.73,0,0.7,0.8
23,0.74,0,0.7,0.8
23,0.75,0,0.7,0.8
23,0.76,0,0.6,0.7
23,0.77,0,0.6,0.7
23,0.78,0,0.6,0.7
23,0.79,0,0.5,0.6
23,0.8,0,0.5,0.6
23,0.81,0,0.5,0.6
23,0.82,0,0.5,0.6
23,0.83,0,0.4,0.5
23,0.84,0,0.4,0.5
23,0.85,0,0.4,0.5
23,0.86,0,0.4,0.4
23,0.87,0,0.3,0.4
23,0.88,0,0.3,0.4
23,0.89,0,0,0.3
23,0.9,0,0,0.3
23,0.91,0,0,0.3
23,0.92,0,0,0.2
23,0.93,0,0,0.2
23,0.94,0,0,0.2
23,0.95,0,0,0.1
23,0.96,0,0,0.1
23,0.97,0,0,0.1
23,0.98,0,0,0.1
23,0.99,0,0,0
24,0,2.3,2.6,3.1
24,0.01,2.3,2.6,3.1
24,0.02,2.3,2.6,3.1
24,0.03,2.2,2.5,3
24,0.04,2.2,2.5,3
24,0.05,2.2,2.5,3
24,0.06,2.2,2.5,2.9
24,0.07,2.2,2.4,2.9
24,0.08,2.1,2.4,2.9
24,0.09,2.1,2.4,2.9
24,0.1,2.1,2.4,2.8
24,0.11,2.1,2.3,2.8
24,0.12,2,2.3,2.8
24,0.13,2,2.3,2.7
24,0.14,2,2.3,2.7
24,0.15,2,2.2,2.7
24,0.16,2,2.2,2.6
24,0.17,1.9,2.2,2.6
24,0.18,1.9,2.2,2.6
24,0.19,1.9,2.1,2.5
24,0.2,1.9,2.1,2.5
24,0.21,1.8,2.1,2.5
24,0.22,1.8,2.1,2.4
24,0.23,1.8,2,2.4
24,0.24,1.8,2,2.4
24,0.25,1.7,2,2.4
24,0.26,1.7,2,2.3
24,0.27,1.7,1.9,2.3
24,0.28,1.7,1.9,2.3
24,0.29,1.7,1.9,2.2
24,0.3,1.6,1.8,2.2
24,0.31,1.6,1.8,2.2
24,0.32,1.6,1.8,2.1
24,0.33,1.6,1.8,2.1
24,0.34,1.5,1.7,2.1
24,0.35,1.5,1.7,2
24,0.36,1.5,1.7,2
24,0.37,1.5,1.7,2
24,0.38,1.4,1.6,1.9
24,0.39,1.4,1.6,1.9
24,0.4,1.4,1.6,1.9
24,0.41,1.4,1.5,1.8
24,0.42,1.4,1.5,1.8
24,0.43,1.3,1.5,1.8
24,0.44,1.3,1.5,1.7
24,0.45,1.3,1.4,1.7
24,0.46,1.3,1.4,1.7
24,0.47,1.2,1.4,1.6
24,0.48,1.2,1.4,1.6
24,0.49,1.2,1.3,1.6
24,0.5,1.2,1.3,1.5
24,0.51,1.1,1.3,1.5
24,0.52,1.1,1.3,1.5
24,0.53,1.1,1.2,1.5
24,0.54,1.1,1.2,1.4
24,0.55,1,1.2,1.4
24,0.56,1,1.1,1.4
24,0.57,1,1.1,1.3
24,0.58,1,1.1,1.3
24,0.59,1,1.1,1.3
24,0.6,0.9,1,1.2
24,0.61,0.9,1,1.2
24,0.62,0.9,1,1.2
24,0.63,0.9,1,1.1
24,0.64,0.8,0.9,1.1
24,0.65,0.8,0.9,1.1
24,0.66,0.8,0.9,1
24,0.67,0.8,0.9,1
24,0.68,0.7,0.8,1
24,0.69,0.7,0.8,0.9
24,0.7,0.7,0.8,0.9
24,0.71,0,0.7,0.9
24,0.72,0,0.7,0.8
24,0.73,0,0.7,0.8
24,0.74,0,0.7,0.8
24,0.75,0,0.6,0.8
24,0.76,0,0.6,0.7
24,0.77,0,0.6,0.7
24,0.78,0,0.6,0.7
24,0.79,0,0.5,0.6
24,0.8,0,0.5,0.6
24,0.81,0,0.5,0.6
24,0.82,0,0.5,0.5
24,0.83,0,0.4,0.5
24,0.84,0,0.4,0.5
24,0.85,0,0.4,0.4
24,0.86,0,0,0.4
24,0.87,0,0,0.4
24,0.88,0,0,0.4
24,0.89,0,0,0.3
24,0.9,0,0,0.3
24,0.91,0,0,0.3
24,0.92,0,0,0.2
24,0.93,0,0,0.2
24,0.94,0,0,0.2
24,0.95,0,0,0.1
24,0.96,0,0,0.1
24,0.97,0,0,0.1
24,0.98,0,0,0.1
24,0.99,0,0,0
25,0,2.3,2.6,3.1
25,0.01,2.3,2.6,3
25,0.02,2.2,2.5,3
25,0.03,2.2,2.5,3
25,0.04,2.2,2.5,2.9
25,0.05,2.2,2.5,2.9
25,0.06,2.1,2.4,2.9
25,0.07,2.1,2.4,2.9
25,0.08,2.1,2.4,2.8
25,0.09,2.1,2.4,2.8
25,0.1,2.1,2.3,2.8
25,0.11,2,2.3,2.7
25,0.12,2,2.3,2.7
25,0.13,2,2.2,2.7
25,0.14,2,2.2,2.6
25,0.15,1.9,2.2,2.6
25,0.16,1.9,2.2,2.6
25,0.17,1.9,2.1,2.6
25,0.18,1.9,2.1,2.5
25,0.19,1.9,2.1,2.5
25,0.2,1.8,2.1,2.5
25,0.21,1.8,2,2.4
25,0.22,1.8,2,2.4
25,0.23,1.8,2,2.4
25,0.24,1.7,2,2.3
25,0.25,1.7,1.9,2.3
25,0.26,1.7,1.9,2.3
25,0.27,1.7,1.9,2.2
25,0.28,1.7,1.9,2.2
25,0.29,1.6,1.8,2.2
25,0.3,1.6,1.8,2.1
25,0.31,1.6,1.8,2.1
25,0.32,1.6,1.8,2.1
25,0.33,1.5,1.7,2.1
25,0.34,1.5,1.7,2
25,0.35,1.5,1.7,2
25,0.36,1.5,1.7,2
25,0.37,1.4,1.6,1.9
25,0.38,1.4,1.6,1.9
25,0.39,1.4,1.6,1.9
25,0.4,1.4,1.5,1.8
25,0.41,1.4,1.5,1.8
25,0.42,1.3,1.5,1.8
25,0.43,1.3,1.5,1.7
25,0.44,1.3,1.4,1.7
25,0.45,1.3,1.4,1.7
25,0.46,1.2,1.4,1.6
25,0.47,1.2,1.4,1.6
25,0.48,1.2,1.3,1.6
25,0.49,1.2,1.3,1.5
25,0.5,1.1,1.3,1.5
25,0.51,1.1,1.3,1.5
25,0.52,1.1,1.2,1.5
25,0.53,1.1,1.2,1.4
25,0.54,1.1,1.2,1.4
25,0.55,1,1.1,1.4
25,0.56,1,1.1,1.3
25,0.57,1,1.1,1.3
25,0.58,1,1.1,1.3
25,0.59,0.9,1,1.2
25,0.6,0.9,1,1.2
25,0.61,0.9,1,1.2
25,0.62,0.9,1,1.1
25,0.63,0.8,0.9,1.1
25,0.64,0.8,0.9,1.1
25,0.65,0.8,0.9,1
25,0.66,0.8,0.9,1
25,0.67,0.7,0.8,1
25,0.68,0.7,0.8,0.9
25,0.69,0,0.8,0.9
25,0.7,0,0.8,0.9
25,0.71,0,0.7,0.9
25,0.72,0,0.7,0.8
25,0.73,0,0.7,0.8
25,0.74,0,0.7,0.8
25,0.75,0,0.6,0.7
25,0.76,0,0.6,0.7
25,0.77,0,0.6,0.7
25,0.78,0,0.5,0.6
25,0.79,0,0.5,0.6
25,0.8,0,0.5,0.6
25,0.81,0,0.5,0.6
25,0.82,0,0.4,0.5
25,0.83,0,0.4,0.5
25,0.84,0,0,0.5
25,0.85,0,0,0.4
25,0.86,0,0,0.4
25,0.87,0,0,0.4
25,0.88,0,0,0.3
25,0.89,0,0,0.3
25,0.9,0,0,0.3
25,0.91,0,0,0.3
25,0.92,0,0,0.2
25,0.93,0,0,0.2
25,0.94,0,0,0.2
25,0.95,0,0,0.1
25,0.96,0,0,0.1
25,0.97,0,0,0.1
25,0.98,0,0,0.1
25,0.99,0,0,0
26,0,2.2,2.5,3
26,0.01,2.2,2.5,3
26,0.02,2.2,2.5,3
26,0.03,2.2,2.5,2.9
26,0.04,2.2,2.4,2.9
26,0.05,2.1,2.4,2.9
26,0.06,2.1,2.4,2.8
26,0.07,2.1,2.4,2.8
26,0.08,2.1,2.3,2.8
26,0.09,2,2.3,2.7
26,0.1,2,2.3,2.7
26,0.11,2,2.3,2.7
26,0.12,2,2.2,2.7
26,0.13,2,2.2,2.6
26,0.14,1.9,2.2,2.6
26,0.15,1.9,2.2,2.6
26,0.16,1.9,2.1,2.5
26,0.17,1.9,2.1,2.5
26,0.18,1.8,2.1,2.5
26,0.19,1.8,2.1,2.4
26,0.2,1.8,2,2.4
26,0.21,1.8,2,2.4
26,0.22,1.8,2,2.3
26,0.23,1.7,2,2.3
26,0.24,1.7,1.9,2.3
26,0.25,1.7,1.9,2.3
26,0.26,1.7,1.9,2.2
26,0.27,1.6,1.9,2.2
26,0.28,1.6,1.8,2.2
26,0.29,1.6,1.8,2.1
26,0.3,1.6,1.8,2.1
26,0.31,1.6,1.8,2.1
26,0.32,1.5,1.7,2
26,0.33,1.5,1.7,2
26,0.34,1.5,1.7,2
26,0.35,1.5,1.6,1.9
26,0.36,1.4,1.6,1.9
26,0.37,1.4,1.6,1.9
26,0.38,1.4,1.6,1.9
26,0.39,1.4,1.5,1.8
26,0.4,1.4,1.5,1.8
26,0.41,1.3,1.5,1.8
26,0.42,1.3,1.5,1.7
26,0.43,1.3,1.4,1.7
26,0.44,1.3,1.4,1.7
26,0.45,1.2,1.4,1.6
26,0.46,1.2,1.4,1.6
26,0.47,1.2,1.3,1.6
26,0.48,1.2,1.3,1.5
26,0.49,1.1,1.3,1.5
26,0.5,1.1,1.3,1.5
26,0.51,1.1,1.2,1.4
26,0.52,1.1,1.2,1.4
26,0.53,1.1,1.2,1.4
26,0.54,1,1.2,1.4
26,0.55,1,1.1,1.3
26,0.56,1,1.1,1.3
26,0.57,1,1.1,1.3
26,0.58,0.9,1,1.2
26,0.59,0.9,1,1.2
26,0.6,0.9,1,1.2
26,0.61,0.9,1,1.1
26,0.62,0.9,0.9,1.1
26,0.63,0.8,0.9,1.1
26,0.64,0.8,0.9,1
26,0.65,0.8,0.9,1
26,0.66,0.8,0.8,1
26,0.67,0,0.8,1
26,0.68,0,0.8,0.9
26,0.69,0,0.8,0.9
26,0.7,0,0.7,0.9
26,0.71,0,0.7,0.8
26,0.72,0,0.7,0.8
26,0.73,0,0.7,0.8
26,0.74,0,0.6,0.7
26,0.75,0,0.6,0.7
26,0.76,0,0.6,0.7
26,0.77,0,0.6,0.7
26,0.78,0,0.5,0.6
26,0.79,0,0.5,0.6
26,0.8,0,0.5,0.6
26,0.81,0,0,0.5
26,0.82,0,0,0.5
26,0.83,0,0,0.5
26,0.84,0,0,0.4
26,0.85,0,0,0.4
26,0.86,0,0,0.4
26,0.87,0,0,0.4
26,0.88,0,0,0.3
26,0.89,0,0,0.3
26,0.9,0,0,0.3
26,0.91,0,0,0.2
26,0.92,0,0,0.2
26,0.93,0,0,0.2
26,0.94,0,0,0.2
26,0.95,0,0,0.1
26,0.96,0,0,0.1
26,0.97,0,0,0.1
26,0.98,0,0,0.1
26,0.99,0,0,0
27,0,2.2,2.5,3
27,0.01,2.2,2.5,2.9
27,0.02,2.2,2.4,2.9
27,0.03,2.1,2.4,2.9
27,0.04,2.1,2.4,2.8
27,0.05,2.1,2.4,2.8
27,0.06,2.1,2.4,2.8
27,0.07,2.1,2.3,2.8
27,0.08,2,2.3,2.7
27,0.09,2,2.3,2.7
27,0.1,2,2.3,2.7
27,0.11,2,2.2,2.6
27,0.12,2,2.2,2.6
27,0.13,1.9,2.2,2.6
27,0.14,1.9,2.2,2.5
27,0.15,1.9,2.1,2.5
27,0.16,1.9,2.1,2.5
27,0.17,1.8,2.1,2.5
27,0.18,1.8,2.1,2.4
27,0.19,1.8,2,2.4
27,0.2,1.8,2,2.4
27,0.21,1.8,2,2.3
27,0.22,1.7,2,2.3
27,0.23,1.7,1.9,2.3
27,0.24,1.7,1.9,2.2
27,0.25,1.7,1.9,2.2
27,0.26,1.6,1.8,2.2
27,0.27,1.6,1.8,2.2
27,0.28,1.6,1.8,2.1
27,0.29,1.6,1.8,2.1
27,0.3,1.6,1.7,2.1
27,0.31,1.5,1.7,2
27,0.32,1.5,1.7,2
27,0.33,1.5,1.7,2
27,0.34,1.5,1.6,1.9
27,0.35,1.4,1.6,1.9
27,0.36,1.4,1.6,1.9
27,0.37,1.4,1.6,1.8
27,0.38,1.4,1.5,1.8
27,0.39,1.4,1.5,1.8
27,0.4,1.3,1.5,1.8
27,0.41,1.3,1.5,1.7
27,0.42,1.3,1.4,1.7
27,0.43,1.3,1.4,1.7
27,0.44,1.2,1.4,1.6
27,0.45,1.2,1.4,1.6
27,0.46,1.2,1.3,1.6
27,0.47,1.2,1.3,1.5
27,0.48,1.2,1.3,1.5
27,0.49,1.1,1.3,1.5
27,0.5,1.1,1.2,1.5
27,0.51,1.1,1.2,1.4
27,0.52,1.1,1.2,1.4
27,0.53,1,1.2,1.4
27,0.54,1,1.1,1.3
27,0.55,1,1.1,1.3
27,0.56,1,1.1,1.3
27,0.57,0.9,1.1,1.2
27,0.58,0.9,1,1.2
27,0.59,0.9,1,1.2
27,0.6,0.9,1,1.1
27,0.61,0.9,1,1.1
27,0.62,0.8,0.9,1.1
27,0.63,0.8,0.9,1.1
27,0.64,0.8,0.9,1
27,0.65,0,0.9,1
27,0.66,0,0.8,1
27,0.67,0,0.8,0.9
27,0.68,0,0.8,0.9
27,0.69,0,0.8,0.9
27,0.7,0,0.7,0.8
27,0.71,0,0.7,0.8
27,0.72,0,0.7,0.8
27,0.73,0,0.6,0.8
27,0.74,0,0.6,0.7
27,0.75,0,0.6,0.7
27,0.76,0,0.6,0.7
27,0.77,0,0.5,0.6
27,0.78,0,0.5,0.6
27,0.79,0,0,0.6
27,0.8,0,0,0.6
27,0.81,0,0,0.5
27,0.82,0,0,0.5
27,0.83,0,0,0.5
27,0.84,0,0,0.4
27,0.85,0,0,0.4
27,0.86,0,0,0.4
27,0.87,0,0,0.4
27,0.88,0,0,0.3
27,0.89,0,0,0.3
27,0.9,0,0,0.3
27,0.91,0,0,0.2
27,0.92,0,0,0.2
27,0.93,0,0,0.2
27,0.94,0,0,0.2
27,0.95,0,0,0.1
27,0.96,0,0,0.1
27,0.97,0,0,0
27,0.98,0,0,0
27,0.99,0,0,0
28,0,2.2,2.5,2.9
28,0.01,2.2,2.4,2.9
28,0.02,2.1,2.4,2.9
28,0.03,2.1,2.4,2.8
28,0.04,2.1,2.4,2.8
28,0.05,2.1,2.3,2.8
28,0.06,2.1,2.3,2.7
28,0.07,2,2.3,2.7
28,0.08,2,2.3,2.7
28,0.09,2,2.2,2.7
28,0.1,2,2.2,2.6
28,0.11,1.9,2.2,2.6
28,0.12,1.9,2.2,2.6
28,0.13,1.9,2.1,2.5
28,0.14,1.9,2.1,2.5
28,0.15,1.9,2.1,2.5
28,0.16,1.8,2.1,2.4
28,0.17,1.8,2,2.4
28,0.18,1.8,2,2.4
28,0.19,1.8,2,2.4
28,0.2,1.8,2,2.3
28,0.21,1.7,1.9,2.3
28,0.22,1.7,1.9,2.3
28,0.23,1.7,1.9,2.2
28,0.24,1.7,1.9,2.2
28,0.25,1.6,1.8,2.2
28,0.26,1.6,1.8,2.1
28,0.27,1.6,1.8,2.1
28,0.28,1.6,1.8,2.1
28,0.29,1.6,1.7,2.1
28,0.3,1.5,1.7,2
28,0.31,1.5,1.7,2
28,0.32,1.5,1.7,2
28,0.33,1.5,1.6,1.9
28,0.34,1.4,1.6,1.9
28,0.35,1.4,1.6,1.9
28,0.36,1.4,1.6,1.8
28,0.37,1.4,1.5,1.8
28,0.38,1.4,1.5,1.8
28,0.39,1.3,1.5,1.8
28,0.4,1.3,1.5,1.7
28,0.41,1.3,1.4,1.7
28,0.42,1.3,1.4,1.7
28,0.43,1.2,1.4,1.6
28,0.44,1.2,1.4,1.6
28,0.45,1.2,1.3,1.6
28,0.46,1.2,1.3,1.5
28,0.47,1.2,1.3,1.5
28,0.48,1.1,1.3,1.5
28,0.49,1.1,1.2,1.5
28,0.5,1.1,1.2,1.4
28,0.51,1.1,1.2,1.4
28,0.52,1,1.2,1.4
28,0.53,1,1.1,1.3
28,0.54,1,1.1,1.3
28,0.55,1,1.1,1.3
28,0.56,1,1.1,1.2
28,0.57,0.9,1,1.2
28,0.58,0.9,1,1.2
28,0.59,0.9,1,1.2
28,0.6,0.9,1,1.1
28,0.61,0.8,0.9,1.1
28,0.62,0.8,0.9,1.1
28,0.63,0,0.9,1
28,0.64,0,0.9,1
28,0.65,0,0.8,1
28,0.66,0,0.8,0.9
28,0.67,0,0.8,0.9
28,0.68,0,0.8,0.9
28,0.69,0,0.7,0.9
28,0.7,0,0.7,0.8
28,0.71,0,0.7,0.8
28,0.72,0,0.7,0.8
28,0.73,0,0.6,0.7
28,0.74,0,0.6,0.7
28,0.75,0,0.6,0.7
28,0.76,0,0.6,0.7
28,0.77,0,0,0.6
28,0.78,0,0,0.6
28,0.79,0,0,0.6
28,0.8,0,0,0.5
28,0.81,0,0,0.5
28,0.82,0,0,0.5
28,0.83,0,0,0.5
28,0.84,0,0,0.4
28,0.85,0,0,0.4
28,0.86,0,0,0.4
28,0.87,0,0,0.3
28,0.88,0,0,0.3
28,0.89,0,0,0.3
28,0.9,0,0,0.3
28,0.91,0,0,0.2
28,0.92,0,0,0.2
28,0.93,0,0,0.2
28,0.94,0,0,0.2
28,0.95,0,0,0
28,0.96,0,0,0
28,0.97,0,0,0
28,0.98,0,0,0
28,0.99,0,0,0
29,0,2.2,2.4,2.9
29,0.01,2.1,2.4,2.8
29,0.02,2.1,2.4,2.8
29,0.03,2.1,2.4,2.8
29,0.04,2.1,2.3,2.8
29,0.05,2,2.3,2.7
29,0.06,2,2.3,2.7
29,0.07,2,2.3,2.7
29,0.08,2,2.2,2.6
29,0.09,2,2.2,2.6
29,0.1,1.9,2.2,2.6
29,0.11,1.9,2.2,2.6
29,0.12,1.9,2.1,2.5
29,0.13,1.9,2.1,2.5
29,0.14,1.9,2.1,2.5
29,0.15,1.8,2.1,2.4
29,0.16,1.8,2,2.4
29,0.17,1.8,2,2.4
29,0.18,1.8,2,2.3
29,0.19,1.8,2,2.3
29,0.2,1.7,1.9,2.3
29,0.21,1.7,1.9,2.3
29,0.22,1.7,1.9,2.2
29,0.23,1.7,1.9,2.2
29,0.24,1.6,1.8,2.2
29,0.25,1.6,1.8,2.1
29,0.26,1.6,1.8,2.1
29,0.27,1.6,1.8,2.1
29,0.28,1.6,1.7,2
29,0.29,1.5,1.7,2
29,0.3,1.5,1.7,2
29,0.31,1.5,1.7,2
29,0.32,1.5,1.6,1.9
29,0.33,1.4,1.6,1.9
29,0.34,1.4,1.6,1.9
29,0.35,1.4,1.6,1.8
29,0.36,1.4,1.5,1.8
29,0.37,1.4,1.5,1.8
29,0.38,1.3,1.5,1.8
29,0.39,1.3,1.5,1.7
29,0.4,1.3,1.4,1.7
29,0.41,1.3,1.4,1.7
29,0.42,1.3,1.4,1.6
29,0.43,1.2,1.4,1.6
29,0.44,1.2,1.3,1.6
29,0.45,1.2,1.3,1.5
29,0.46,1.2,1.3,1.5
29,0.47,1.1,1.3,1.5
29,0.48,1.1,1.2,1.5
29,0.49,1.1,1.2,1.4
29,0.5,1.1,1.2,1.4
29,0.51,1.1,1.2,1.4
29,0.52,1,1.1,1.3
29,0.53,1,1.1,1.3
29,0.54,1,1.1,1.3
29,0.55,1,1.1,1.2
29,0.56,0.9,1,1.2
29,0.57,0.9,1,1.2
29,0.58,0.9,1,1.2
29,0.59,0.9,1,1.1
29,0.6,0.9,0.9,1.1
29,0.61,0.8,0.9,1.1
29,0.62,0,0.9,1
29,0.63,0,0.9,1
29,0.64,0,0.8,1
29,0.65,0,0.8,1
29,0.66,0,0.8,0.9
29,0.67,0,0.8,0.9
29,0.68,0,0.7,0.9
29,0.69,0,0.7,0.8
29,0.7,0,0.7,0.8
29,0.71,0,0.7,0.8
29,0.72,0,0.6,0.8
29,0.73,0,0.6,0.7
29,0.74,0,0.6,0.7
29,0.75,0,0,0.7
29,0.76,0,0,0.6
29,0.77,0,0,0.6
29,0.78,0,0,0.6
29,0.79,0,0,0.6
29,0.8,0,0,0.5
29,0.81,0,0,0.5
29,0.82,0,0,0.5
29,0.83,0,0,0.4
29,0.84,0,0,0.4
29,0.85,0,0,0.4
29,0.86,0,0,0.4
29,0.87,0,0,0.3
29,0.88,0,0,0.3
29,0.89,0,0,0.3
29,0.9,0,0,0.3
29,0.91,0,0,0.2
29,0.92,0,0,0.2
29,0.93,0,0,0
29,0.94,0,0,0
29,0.95,0,0,0
29,0.96,0,0,0
29,0.97,0,0,0
29,0.98,0,0,0
29,0.99,0,0,0
30,0,2.1,2.4,2.8
30,0.01,2.1,2.4,2.8
30,0.02,2.1,2.3,2.8
30,0.03,2.1,2.3,2.7
30,0.04,2,2.3,2.7
30,0.05,2,2.3,2.7
30,0.06,2,2.3,2.7
30,0.07,2,2.2,2.6
30,0.08,2,2.2,2.6
30,0.09,1.9,2.2,2.6
30,0.1,1.9,2.2,2.5
30,0.11,1.9,2.1,2.5
30,0.12,1.9,2.1,2.5
30,0.13,1.9,2.1,2.5
30,0.14,1.8,2.1,2.4
30,0.15,1.8,2,2.4
30,0.16,1.8,2,2.4
30,0.17,1.8,2,2.3
30,0.18,1.8,2,2.3
30,0.19,1.7,1.9,2.3
30,0.2,1.7,1.9,2.2
30,0.21,1.7,1.9,2.2
30,0.22,1.7,1.9,2.2
30,0.23,1.6,1.8,2.2
30,0.24,1.6,1.8,2.1
30,0.25,1.6,1.8,2.1
30,0.26,1.6,1.8,2.1
30,0.27,1.6,1.7,2
30,0.28,1.5,1.7,2
30,0.29,1.5,1.7,2
30,0.3,1.5,1.7,2
30,0.31,1.5,1.6,1.9
30,0.32,1.5,1.6,1.9
30,0.33,1.4,1.6,1.9
30,0.34,1.4,1.6,1.8
30,0.35,1.4,1.5,1.8
30,0.36,1.4,1.5,1.8
30,0.37,1.3,1.5,1.8
30,0.38,1.3,1.5,1.7
30,0.39,1.3,1.4,1.7
30,0.4,1.3,1.4,1.7
30,0.41,1.3,1.4,1.6
30,0.42,1.2,1.4,1.6
30,0.43,1.2,1.3,1.6
30,0.44,1.2,1.3,1.5
30,0.45,1.2,1.3,1.5
30,0.46,1.1,1.3,1.5
30,0.47,1.1,1.2,1.5
30,0.48,1.1,1.2,1.4
30,0.49,1.1,1.2,1.4
30,0.5,1.1,1.2,1.4
30,0.51,1,1.2,1.3
30,0.52,1,1.1,1.3
30,0.53,1,1.1,1.3
30,0.54,1,1.1,1.3
30,0.55,1,1.1,1.2
30,0.56,0.9,1,1.2
30,0.57,0.9,1,1.2
30,0.58,0.9,1,1.1
30,0.59,0.9,1,1.1
30,0.6,0,0.9,1.1
30,0.61,0,0.9,1.1
30,0.62,0,0.9,1
30,0.63,0,0.9,1
30,0.64,0,0.8,1
30,0.65,0,0.8,0.9
30,0.66,0,0.8,0.9
30,0.67,0,0.8,0.9
30,0.68,0,0.7,0.9
30,0.69,0,0.7,0.8
30,0.7,0,0.7,0.8
30,0.71,0,0.7,0.8
30,0.72,0,0.6,0.7
30,0.73,0,0,0.7
30,0.74,0,0,0.7
30,0.75,0,0,0.7
30,0.76,0,0,0.6
30,0.77,0,0,0.6
30,0.78,0,0,0.6
30,0.79,0,0,0.5
30,0.8,0,0,0.5
30,0.81,0,0,0.5
30,0.82,0,0,0.5
30,0.83,0,0,0.4
30,0.84,0,0,0.4
30,0.85,0,0,0.4
30,0.86,0,0,0.4
30,0.87,0,0,0.3
30,0.88,0,0,0.3
30,0.89,0,0,0.3
30,0.9,0,0,0
30,0.91,0,0,0
30,0.92,0,0,0
30,0.93,0,0,0
30,0.94,0,0,0
30,0.95,0,0,0
30,0.96,0,0,0
30,0.97,0,0,0
30,0.98,0,0,0
30,0.99,0,0,0