K,rho,r_075,r_10,r_125
1,0,0,0,0
1,0.01,0,0,0
1,0.02,0,0,0
1,0.03,0,0,0
1,0.04,0,0,0
1,0.05,0,0,0
1,0.06,0,0,0
1,0.07,0,0,0
1,0.08,0,0,0
1,0.09,0,0,0
1,0.1,0,0,0
1,0.11,0,0,0
1,0.12,0,0,0
1,0.13,0,0,0
1,0.14,0,0,0
1,0.15,0,0,0
1,0.16,0,0,0
1,0.17,0,0,0
1,0.18,0,0,0
1,0.19,0,0,0
1,0.2,0,0,0
1,0.21,0,0,0
1,0.22,0,0,0
1,0.23,0,0,0
1,0.24,0,0,0
1,0.25,0,0,0
1,0.26,0,0,0
1,0.27,0,0,0
1,0.28,0,0,0
1,0.29,0,0,0
1,0.3,0,0,0
1,0.31,0,0,0
1,0.32,0,0,0
1,0.33,0,0,0
1,0.34,0,0,0
1,0.35,0,0,0
1,0.36,0,0,0
1,0.37,0,0,0
1,0.38,0,0,0
1,0.39,0,0,0
1,0.4,0,0,0
1,0.41,0,0,0
1,0.42,0,0,0
1,0.43,0,0,0
1,0.44,0,0,0
1,0.45,0,0,0
1,0.46,0,0,0
1,0.47,0,0,0
1,0.48,0,0,0
1,0.49,0,0,0
1,0.5,0,0,0
1,0.51,0,0,0
1,0.52,0,0,0
1,0.53,0,0,0
1,0.54,0,0,0
1,0.55,0,0,0
1,0.56,0,0,0
1,0.57,0,0,0
1,0.58,0,0,0
1,0.59,0,0,0
1,0.6,0,0,0
1,0.61,0,0,0
1,0.62,0,0,0
1,0.63,0,0,0
1,0.64,0,0,0
1,0.65,0,0,0
1,0.66,0,0,0
1,0.67,0,0,0
1,0.68,0,0,0
1,0.69,0,0,0
1,0.7,0,0,0
1,0.71,0,0,0
1,0.72,15.6,0,0
1,0.73,17.2,0,0
1,0.74,18.1,0,0
1,0.75,19,0,0
1,0.76,19.8,0,0
1,0.77,20.4,0,0
1,0.78,21.1,0,0
1,0.79,21.8,0,0
1,0.8,22.4,0,0
1,0.81,23.1,0,0
1,0.82,23.7,0,0
1,0.83,24.4,0,0
1,0.84,25,10.6,0
1,0.85,25.5,11.5,0
1,0.86,26.2,12.1,0
1,0.87,26.7,12.6,0
1,0.88,27.4,12.9,0
1,0.89,27.9,13.2,0
1,0.9,28.4,13.5,0
1,0.91,28.9,13.7,0
1,0.92,29.4,14,0
1,0.93,29.8,14.2,0
1,0.94,30.3,14.3,0
1,0.95,30.8,14.5,7.8
1,0.96,31.2,14.6,8.2
1,0.97,31.5,14.6,8.4
1,0.98,31.7,14.6,8.5
1,0.99,31.8,14.5,8.4
2,0,0,0,0
2,0.01,0,0,0
2,0.02,0,0,0
2,0.03,0,0,0
2,0.04,0,0,0
2,0.05,0,0,0
2,0.06,0,0,0
2,0.07,0,0,0
2,0.08,0,0,0
2,0.09,0,0,0
2,0.1,0,0,0
2,0.11,0,0,0
2,0.12,0,0,0
2,0.13,0,0,0
2,0.14,0,0,0
2,0.15,0,0,0
2,0.16,0,0,0
2,0.17,0,0,0
2,0.18,0,0,0
2,0.19,0,0,0
2,0.2,0,0,0
2,0.21,0,0,0
2,0.22,0,0,0
2,0.23,0,0,0
2,0.24,0,0,0
2,0.25,0,0,0
2,0.26,0,0,0
2,0.27,0,0,0
2,0.28,0,0,0
2,0.29,0,0,0
2,0.3,0,0,0
2,0.31,0,0,0
2,0.32,0,0,0
2,0.33,0,0,0
2,0.34,0,0,0
2,0.35,0,0,0
2,0.36,0,0,0
2,0.37,0,0,0
2,0.38,0,0,0
2,0.39,0,0,0
2,0.4,0,0,0
2,0.41,0,0,0
2,0.42,0,0,0
2,0.43,0,0,0
2,0.44,0,0,0
2,0.45,0,0,0
2,0.46,0,0,0
2,0.47,0,0,0
2,0.48,0,0,0
2,0.49,0,0,0
2,0.5,0,0,0
2,0.51,0,0,0
2,0.52,0,0,0
2,0.53,0,0,0
2,0.54,0,0,0
2,0.55,0,0,0
2,0.56,0,0,0
2,0.57,0,0,0
2,0.58,0,0,0
2,0.59,0,0,0
2,0.6,0,0,0
2,0.61,0,0,0
2,0.62,0,0,0
2,0.63,0,0,0
2,0.64,0,0,0
2,0.65,0,0,0
2,0.66,0,0,0
2,0.67,0,0,0
2,0.68,0,0,0
2,0.69,0,0,0
2,0.7,0,0,0
2,0.71,0,0,0
2,0.72,0,0,0
2,0.73,0,0,0
2,0.74,0,0,0
2,0.75,0,0,0
2,0.76,0,0,0
2,0.77,0,0,0
2,0.78,0,0,0
2,0.79,0,0,0
2,0.8,0,0,0
2,0.81,0,0,0
2,0.82,0,0,0
2,0.83,0,0,0
2,0.84,0,0,0
2,0.85,0,0,0
2,0.86,0,0,0
2,0.87,0,0,0
2,0.88,0,0,0
2,0.89,0,0,0
2,0.9,0,0,0
2,0.91,0,0,0
2,0.92,0,0,0
2,0.93,0,0,0
2,0.94,0,0,0
2,0.95,0,0,0
2,0.96,0,0,0
2,0.97,0,0,0
2,0.98,0,0,0
2,0.99,0,0,0
3,0,0,0,0
3,0.01,0,0,0
3,0.02,0,0,0
3,0.03,0,0,0
3,0.04,0,0,0
3,0.05,0,0,0
3,0.06,0,0,0
3,0.07,0,0,0
3,0.08,0,0,0
3,0.09,0,0,0
3,0.1,0,0,0
3,0.11,0,0,0
3,0.12,0,0,0
3,0.13,0,0,0
3,0.14,0,0,0
3,0.15,0,0,0
3,0.16,0,0,0
3,0.17,0,0,0
3,0.18,0,0,0
3,0.19,0,0,0
3,0.2,0,0,0
3,0.21,0,0,0
3,0.22,0,0,0
3,0.23,0,0,0
3,0.24,0,0,0
3,0.25,0,0,0
3,0.26,0,0,0
3,0.27,0,0,0
3,0.28,0,0,0
3,0.29,0,0,0
3,0.3,0,0,0
3,0.31,0,0,0
3,0.32,0,0,0
3,0.33,0,0,0
3,0.34,0,0,0
3,0.35,0,0,0
3,0.36,0,0,0
3,0.37,0,0,0
3,0.38,0,0,0
3,0.39,0,0,0
3,0.4,0,0,0
3,0.41,0,0,0
3,0.42,0,0,0
3,0.43,0,0,0
3,0.44,0,0,0
3,0.45,0,0,0
3,0.46,0,0,0
3,0.47,0,0,0
3,0.48,0,0,0
3,0.49,0,0,0
3,0.5,0,0,0
3,0.51,0,0,0
3,0.52,0,0,0
3,0.53,0,0,0
3,0.54,0,0,0
3,0.55,0,0,0
3,0.56,0,0,0
3,0.57,0,0,0
3,0.58,0,0,0
3,0.59,0,0,0
3,0.6,0,0,0
3,0.61,0,0,0
3,0.62,0,0,0
3,0.63,0,0,0
3,0.64,0,0,0
3,0.65,0,0,0
3,0.66,0,0,0
3,0.67,0,0,0
3,0.68,0,0,0
3,0.69,0,0,0
3,0.7,0,0,0
3,0.71,0,0,0
3,0.72,0,0,0
3,0.73,0,0,0
3,0.74,0,0,0
3,0.75,0,0,0
3,0.76,0,0,0
3,0.77,0,0,0
3,0.78,0,0,0
3,0.79,0,0,0
3,0.8,0,0,0
3,0.81,0,0,0
3,0.82,0,0,0
3,0.83,0,0,0
3,0.84,0,0,0
3,0.85,0,0,0
3,0.86,0,0,0
3,0.87,0,0,0
3,0.88,0,0,0
3,0.89,0,0,0
3,0.9,0,0,0
3,0.91,0,0,0
3,0.92,0,0,0
3,0.93,0,0,0
3,0.94,0,0,0
3,0.95,0,0,0
3,0.96,0,0,0
3,0.97,0,0,0
3,0.98,0,0,0
3,0.99,0,0,0
4,0,0,0,0
4,0.01,0,0,0
4,0.02,0,0,0
4,0.03,0,0,0
4,0.04,0,0,0
4,0.05,0,0,0
4,0.06,0,0,0
4,0.07,0,0,0
4,0.08,0,0,0
4,0.09,0,0,0
4,0.1,0,0,0
4,0.11,0,0,0
4,0.12,0,0,0
4,0.13,0,0,0
4,0.14,0,0,0
4,0.15,0,0,0
4,0.16,0,0,0
4,0.17,0,0,0
4,0.18,0,0,0
4,0.19,0,0,0
4,0.2,0,0,0
4,0.21,0,0,0
4,0.22,0,0,0
4,0.23,0,0,0
4,0.24,0,0,0
4,0.25,0,0,0
4,0.26,0,0,0
4,0.27,0,0,0
4,0.28,0,0,0
4,0.29,0,0,0
4,0.3,0,0,0
4,0.31,0,0,0
4,0.32,0,0,0
4,0.33,0,0,0
4,0.34,0,0,0
4,0.35,0,0,0
4,0.36,0,0,0
4,0.37,0,0,0
4,0.38,0,0,0
4,0.39,0,0,0
4,0.4,0,0,0
4,0.41,0,0,0
4,0.42,0,0,0
4,0.43,0,0,0
4,0.44,0,0,0
4,0.45,0,0,0
4,0.46,0,0,0
4,0.47,0,0,0
4,0.48,0,0,0
4,0.49,0,0,0
4,0.5,0,0,0
4,0.51,0,0,0
4,0.52,0,0,0
4,0.53,0,0,0
4,0.54,0,0,0
4,0.55,0,0,0
4,0.56,0,0,0
4,0.57,0,0,0
4,0.58,0,0,0
4,0.59,0,0,0
4,0.6,0,0,0
4,0.61,0,0,0
4,0.62,0,0,0
4,0.63,0,0,0
4,0.64,0,0,0
4,0.65,0,0,0
4,0.66,0,0,0
4,0.67,0,0,0
4,0.68,0,0,0
4,0.69,0,0,0
4,0.7,0,0,0
4,0.71,0,0,0
4,0.72,0,0,0
4,0.73,0,0,0
4,0.74,0,0,0
4,0.75,0,0,0
4,0.76,0,0,0
4,0.77,0,0,0
4,0.78,0,0,0
4,0.79,0,0,0
4,0.8,0,0,0
4,0.81,0,0,0
4,0.82,0,0,0
4,0.83,0,0,0
4,0.84,0,0,0
4,0.85,0,0,0
4,0.86,0,0,0
4,0.87,0,0,0
4,0.88,0,0,0
4,0.89,0,0,0
4,0.9,0,0,0
4,0.91,0,0,0
4,0.92,0,0,0
4,0.93,0,0,0
4,0.94,0,0,0
4,0.95,0,0,0
4,0.96,0,0,0
4,0.97,0,0,0
4,0.98,0,0,0
4,0.99,0,0,0
5,0,0,0,0
5,0.01,0,0,0
5,0.02,0,0,0
5,0.03,0,0,0
5,0.04,0,0,0
5,0.05,0,0,0
5,0.06,0,0,0
5,0.07,0,0,0
5,0.08,0,0,0
5,0.09,0,0,0
5,0.1,0,0,0
5,0.11,0,0,0
5,0.12,0,0,0
5,0.13,0,0,0
5,0.14,0,0,0
5,0.15,0,0,0
5,0.16,0,0,0
5,0.17,0,0,0
5,0.18,0,0,0
5,0.19,0,0,0
5,0.2,0,0,0
5,0.21,0,0,0
5,0.22,0,0,0
5,0.23,0,0,0
5,0.24,0,0,0
5,0.25,0,0,0
5,0.26,0,0,0
5,0.27,0,0,0
5,0.28,0,0,0
5,0.29,0,0,0
5,0.3,0,0,0
5,0.31,0,0,0
5,0.32,0,0,0
5,0.33,0,0,0
5,0.34,0,0,0
5,0.35,0,0,0
5,0.36,0,0,0
5,0.37,0,0,0
5,0.38,0,0,0
5,0.39,0,0,0
5,0.4,0,0,0
5,0.41,0,0,0
5,0.42,0,0,0
5,0.43,0,0,0
5,0.44,0,0,0
5,0.45,0,0,0
5,0.46,0,0,0
5,0.47,0,0,0
5,0.48,0,0,0
5,0.49,0,0,0
5,0.5,0,0,0
5,0.51,0,0,0
5,0.52,0,0,0
5,0.53,0,0,0
5,0.54,0,0,0
5,0.55,0,0,0
5,0.56,0,0,0
5,0.57,0,0,0
5,0.58,0,0,0
5,0.59,0,0,0
5,0.6,0,0,0
5,0.61,0,0,0
5,0.62,0,0,0
5,0.63,0,0,0
5,0.64,0,0,0
5,0.65,0,0,0
5,0.66,0,0,0
5,0.67,0,0,0
5,0.68,0,0,0
5,0.69,0,0,0
5,0.7,0,0,0
5,0.71,0,0,0
5,0.72,0,0,0
5,0.73,0,0,0
5,0.74,0,0,0
5,0.75,0,0,0
5,0.76,0,0,0
5,0.77,0,0,0
5,0.78,0,0,0
5,0.79,0,0,0
5,0.8,0,0,0
5,0.81,0,0,0
5,0.82,0,0,0
5,0.83,0,0,0
5,0.84,0,0,0
5,0.85,0,0,0
5,0.86,0,0,0
5,0.87,0,0,0
5,0.88,0,0,0
5,0.89,0,0,0
5,0.9,0,0,0
5,0.91,0,0,0
5,0.92,0,0,0
5,0.93,0,0,0
5,0.94,0,0,0
5,0.95,0,0,0
5,0.96,0,0,0
5,0.97,0,0,0
5,0.98,0,0,0
5,0.99,0,0,0
6,0,0,0,0
6,0.01,0,0,0
6,0.02,0,0,0
6,0.03,0,0,0
6,0.04,0,0,0
6,0.05,0,0,0
6,0.06,0,0,0
6,0.07,0,0,0
6,0.08,0,0,0
6,0.09,0,0,0
6,0.1,0,0,0
6,0.11,0,0,0
6,0.12,0,0,0
6,0.13,0,0,0
6,0.14,0,0,0
6,0.15,0,0,0
6,0.16,0,0,0
6,0.17,0,0,0
6,0.18,0,0,0
6,0.19,0,0,0
6,0.2,0,0,0
6,0.21,0,0,0
6,0.22,0,0,0
6,0.23,0,0,0
6,0.24,0,0,0
6,0.25,0,0,0
6,0.26,0,0,0
6,0.27,0,0,0
6,0.28,0,0,0
6,0.29,0,0,0
6,0.3,0,0,0
6,0.31,0,0,0
6,0.32,0,0,0
6,0.33,0,0,0
6,0.34,0,0,0
6,0.35,0,0,0
6,0.36,0,0,0
6,0.37,0,0,0
6,0.38,0,0,0
6,0.39,0,0,0
6,0.4,0,0,0
6,0.41,0,0,0
6,0.42,0,0,0
6,0.43,0,0,0
6,0.44,0,0,0
6,0.45,0,0,0
6,0.46,0,0,0
6,0.47,0,0,0
6,0.48,0,0,0
6,0.49,0,0,0
6,0.5,0,0,0
6,0.51,0,0,0
6,0.52,0,0,0
6,0.53,0,0,0
6,0.54,0,0,0
6,0.55,0,0,0
6,0.56,0,0,0
6,0.57,0,0,0
6,0.58,0,0,0
6,0.59,0,0,0
6,0.6,0,0,0
6,0.61,0,0,0
6,0.62,0,0,0
6,0.63,0,0,0
6,0.64,0,0,0
6,0.65,0,0,0
6,0.66,0,0,0
6,0.67,0,0,0
6,0.68,0,0,0
6,0.69,0,0,0
6,0.7,0,0,0
6,0.71,0,0,0
6,0.72,0,0,0
6,0.73,0,0,0
6,0.74,0,0,0
6,0.75,0,0,0
6,0.76,0,0,0
6,0.77,0,0,0
6,0.78,0,0,0
6,0.79,0,0,0
6,0.8,0,0,0
6,0.81,0,0,0
6,0.82,0,0,0
6,0.83,0,0,0
6,0.84,0,0,0
6,0.85,0,0,0
6,0.86,0,0,0
6,0.87,0,0,0
6,0.88,0,0,0
6,0.89,0,0,0
6,0.9,0,0,0
6,0.91,0,0,0
6,0.92,0,0,0
6,0.93,0,0,0
6,0.94,0,0,0
6,0.95,0,0,0
6,0.96,0,0,0
6,0.97,0,0,0
6,0.98,0,0,0
6,0.99,0,0,0
7,0,0,0,0
7,0.01,0,0,0
7,0.02,0,0,0
7,0.03,0,0,0
7,0.04,0,0,0
7,0.05,0,0,0
7,0.06,0,0,0
7,0.07,0,0,0
7,0.08,0,0,0
7,0.09,0,0,0
7,0.1,0,0,0
7,0.11,0,0,0
7,0.12,0,0,0
7,0.13,0,0,0
7,0.14,0,0,0
7,0.15,0,0,0
7,0.16,0,0,0
7,0.17,0,0,0
7,0.18,0,0,0
7,0.19,0,0,0
7,0.2,0,0,0
7,0.21,0,0,0
7,0.22,0,0,0
7,0.23,0,0,0
7,0.24,0,0,0
7,0.25,0,0,0
7,0.26,0,0,0
7,0.27,0,0,0
7,0.28,0,0,0
7,0.29,0,0,0
7,0.3,0,0,0
7,0.31,0,0,0
7,0.32,0,0,0
7,0.33,0,0,0
7,0.34,0,0,0
7,0.35,0,0,0
7,0.36,0,0,0
7,0.37,0,0,0
7,0.38,0,0,0
7,0.39,0,0,0
7,0.4,0,0,0
7,0.41,0,0,0
7,0.42,0,0,0
7,0.43,0,0,0
7,0.44,0,0,0
7,0.45,0,0,0
7,0.46,0,0,0
7,0.47,0,0,0
7,0.48,0,0,0
7,0.49,0,0,0
7,0.5,0,0,0
7,0.51,0,0,0
7,0.52,0,0,0
7,0.53,0,0,0
7,0.54,0,0,0
7,0.55,0,0,0
7,0.56,0,0,0
7,0.57,0,0,0
7,0.58,0,0,0
7,0.59,0,0,0
7,0.6,0,0,0
7,0.61,0,0,0
7,0.62,0,0,0
7,0.63,0,0,0
7,0.64,0,0,0
7,0.65,0,0,0
7,0.66,0,0,0
7,0.67,0,0,0
7,0.68,0,0,0
7,0.69,0,0,0
7,0.7,0,0,0
7,0.71,0,0,0
7,0.72,0,0,0
7,0.73,0,0,0
7,0.74,0,0,0
7,0.75,0,0,0
7,0.76,0,0,0
7,0.77,0,0,0
7,0.78,0,0,0
7,0.79,0,0,0
7,0.8,0,0,0
7,0.81,0,0,0
7,0.82,0,0,0
7,0.83,0,0,0
7,0.84,0,0,0
7,0.85,0,0,0
7,0.86,0,0,0
7,0.87,0,0,0
7,0.88,0,0,0
7,0.89,0,0,0
7,0.9,0,0,0
7,0.91,0,0,0
7,0.92,0,0,0
7,0.93,0,0,0
7,0.94,0,0,0
7,0.95,0,0,0
7,0.96,0,0,0
7,0.97,0,0,0
7,0.98,0,0,0
7,0.99,0,0,0
8,0,0,0,0
8,0.01,0,0,0
8,0.02,0,0,0
8,0.03,0,0,0
8,0.04,0,0,0
8,0.05,0,0,0
8,0.06,0,0,0
8,0.07,0,0,0
8,0.08,0,0,0
8,0.09,0,0,0
8,0.1,0,0,0
8,0.11,0,0,0
8,0.12,0,0,0
8,0.13,0,0,0
8,0.14,0,0,0
8,0.15,0,0,0
8,0.16,0,0,0
8,0.17,0,0,0
8,0.18,0,0,0
8,0.19,0,0,0
8,0.2,0,0,0
8,0.21,0,0,0
8,0.22,0,0,0
8,0.23,0,0,0
8,0.24,0,0,0
8,0.25,0,0,0
8,0.26,0,0,0
8,0.27,0,0,0
8,0.28,0,0,0
8,0.29,0,0,0
8,0.3,0,0,0
8,0.31,0,0,0
8,0.32,0,0,0
8,0.33,0,0,0
8,0.34,0,0,0
8,0.35,0,0,0
8,0.36,0,0,0
8,0.37,0,0,0
8,0.38,0,0,0
8,0.39,0,0,0
8,0.4,0,0,0
8,0.41,0,0,0
8,0.42,0,0,0
8,0.43,0,0,0
8,0.44,0,0,0
8,0.45,0,0,0
8,0.46,0,0,0
8,0.47,0,0,0
8,0.48,0,0,0
8,0.49,0,0,0
8,0.5,0,0,0
8,0.51,0,0,0
8,0.52,0,0,0
8,0.53,0,0,0
8,0.54,0,0,0
8,0.55,0,0,0
8,0.56,0,0,0
8,0.57,0,0,0
8,0.58,0,0,0
8,0.59,0,0,0
8,0.6,0,0,0
8,0.61,0,0,0
8,0.62,0,0,0
8,0.63,0,0,0
8,0.64,0,0,0
8,0.65,0,0,0
8,0.66,0,0,0
8,0.67,0,0,0
8,0.68,0,0,0
8,0.69,0,0,0
8,0.7,0,0,0
8,0.71,0,0,0
8,0.72,0,0,0
8,0.73,0,0,0
8,0.74,0,0,0
8,0.75,0,0,0
8,0.76,0,0,0
8,0.77,0,0,0
8,0.78,0,0,0
8,0.79,0,0,0
8,0.8,0,0,0
8,0.81,0,0,0
8,0.82,0,0,0
8,0.83,0,0,0
8,0.84,0,0,0
8,0.85,0,0,0
8,0.86,0,0,0
8,0.87,0,0,0
8,0.88,0,0,0
8,0.89,0,0,0
8,0.9,0,0,0
8,0.91,0,0,0
8,0.92,0,0,0
8,0.93,0,0,0
8,0.94,0,0,0
8,0.95,0,0,0
8,0.96,0,0,0
8,0.97,0,0,0
8,0.98,0,0,0
8,0.99,0,0,0
9,0,0,0,0
9,0.01,0,0,0
9,0.02,0,0,0
9,0.03,0,0,0
9,0.04,0,0,0
9,0.05,0,0,0
9,0.06,0,0,0
9,0.07,0,0,0
9,0.08,0,0,0
9,0.09,0,0,0
9,0.1,0,0,0
9,0.11,0,0,0
9,0.12,0,0,0
9,0.13,0,0,0
9,0.14,0,0,0
9,0.15,0,0,0
9,0.16,0,0,0
9,0.17,0,0,0
9,0.18,0,0,0
9,0.19,0,0,0
9,0.2,0,0,0
9,0.21,0,0,0
9,0.22,0,0,0
9,0.23,0,0,0
9,0.24,0,0,0
9,0.25,0,0,0
9,0.26,0,0,0
9,0.27,0,0,0
9,0.28,0,0,0
9,0.29,0,0,0
9,0.3,0,0,0
9,0.31,0,0,0
9,0.32,0,0,0
9,0.33,0,0,0
9,0.34,0,0,0
9,0.35,0,0,0
9,0.36,0,0,0
9,0.37,0,0,0
9,0.38,0,0,0
9,0.39,0,0,0
9,0.4,0,0,0
9,0.41,0,0,0
9,0.42,0,0,0
9,0.43,0,0,0
9,0.44,0,0,0
9,0.45,0,0,0
9,0.46,0,0,0
9,0.47,0,0,0
9,0.48,0,0,0
9,0.49,0,0,0
9,0.5,0,0,0
9,0.51,0,0,0
9,0.52,0,0,0
9,0.53,0,0,0
9,0.54,0,0,0
9,0.55,0,0,0
9,0.56,0,0,0
9,0.57,0,0,0
9,0.58,0,0,0
9,0.59,0,0,0
9,0.6,0,0,0
9,0.61,0,0,0
9,0.62,0,0,0
9,0.63,0,0,0
9,0.64,0,0,0
9,0.65,0,0,0
9,0.66,0,0,0
9,0.67,0,0,0
9,0.68,0,0,0
9,0.69,0,0,0
9,0.7,0,0,0
9,0.71,0,0,0
9,0.72,0,0,0
9,0.73,0,0,0
9,0.74,0,0,0
9,0.75,0,0,0
9,0.76,0,0,0
9,0.77,0,0,0
9,0.78,0,0,0
9,0.79,0,0,0
9,0.8,0,0,0
9,0.81,0,0,0
9,0.82,0,0,0
9,0.83,0,0,0
9,0.84,0,0,0
9,0.85,0,0,0
9,0.86,0,0,0
9,0.87,0,0,0
9,0.88,0,0,0
9,0.89,0,0,0
9,0.9,0,0,0
9,0.91,0,0,0
9,0.92,0,0,0
9,0.93,0,0,0
9,0.94,0,0,0
9,0.95,0,0,0
9,0.96,0,0,0
9,0.97,0,0,0
9,0.98,0.1,0,0
9,0.99,0.2,0,0
10,0,0,0,0
10,0.01,0,0,0
10,0.02,0,0,0
10,0.03,0,0,0
10,0.04,0,0,0
10,0.05,0,0,0
10,0.06,0,0,0
10,0.07,0,0,0
10,0.08,0,0,0
10,0.09,0,0,0
10,0.1,0,0,0
10,0.11,0,0,0
10,0.12,0,0,0
10,0.13,0,0,0
10,0.14,0,0,0
10,0.15,0,0,0
10,0.16,0,0,0
10,0.17,0,0,0
10,0.18,0,0,0
10,0.19,0,0,0
10,0.2,0,0,0
10,0.21,0,0,0
10,0.22,0,0,0
10,0.23,0,0,0
10,0.24,0,0,0
10,0.25,0,0,0
10,0.26,0,0,0
10,0.27,0,0,0
10,0.28,0,0,0
10,0.29,0,0,0
10,0.3,0,0,0
10,0.31,0,0,0
10,0.32,0,0,0
10,0.33,0,0,0
10,0.34,0,0,0
10,0.35,0,0,0
10,0.36,0,0,0
10,0.37,0,0,0
10,0.38,0,0,0
10,0.39,0,0,0
10,0.4,0,0,0
10,0.41,0,0,0
10,0.42,0,0,0
10,0.43,0,0,0
10,0.44,0,0,0
10,0.45,0,0,0
10,0.46,0,0,0
10,0.47,0,0,0
10,0.48,0,0,0
10,0.49,0,0,0
10,0.5,0,0,0
10,0.51,0,0,0
10,0.52,0,0,0
10,0.53,0,0,0
10,0.54,0,0,0
10,0.55,0,0,0
10,0.56,0,0,0
10,0.57,0,0,0
10,0.58,0,0,0
10,0.59,0,0,0
10,0.6,0,0,0
10,0.61,0,0,0
10,0.62,0,0,0
10,0.63,0,0,0
10,0.64,0,0,0
10,0.65,0,0,0
10,0.66,0,0,0
10,0.67,0,0,0
10,0.68,0,0,0
10,0.69,0,0,0
10,0.7,0,0,0
10,0.71,0,0,0
10,0.72,0,0,0
10,0.73,0,0,0
10,0.74,0,0,0
10,0.75,0,0,0
10,0.76,0,0,0
10,0.77,0,0,0
10,0.78,0,0,0
10,0.79,0,0,0
10,0.8,0,0,0
10,0.81,0,0,0
10,0.82,0,0,0
10,0.83,0,0,0
10,0.84,0,0,0
10,0.85,0.4,0,0
10,0.86,0.6,0,0
10,0.87,0.8,0,0
10,0.88,0.9,0,0
10,0.89,1,0,0
10,0.9,1.1,0,0
10,0.91,1.2,0,0
10,0.92,1.3,0,0
10,0.93,1.4,0,0
10,0.94,1.4,0,0
10,0.95,1.5,0.2,0
10,0.96,1.6,0.3,0
10,0.97,1.6,0.3,0
10,0.98,1.7,0.3,0
10,0.99,1.7,0.4,0
11,0,0,0,0
11,0.01,0,0,0
11,0.02,0,0,0
11,0.03,0,0,0
11,0.04,0,0,0
11,0.05,0,0,0
11,0.06,0,0,0
11,0.07,0,0,0
11,0.08,0,0,0
11,0.09,0,0,0
11,0.1,0,0,0
11,0.11,0,0,0
11,0.12,0,0,0
11,0.13,0,0,0
11,0.14,0,0,0
11,0.15,0,0,0
11,0.16,0,0,0
11,0.17,0,0,0
11,0.18,0,0,0
11,0.19,0,0,0
11,0.2,0,0,0
11,0.21,0,0,0
11,0.22,0,0,0
11,0.23,0,0,0
11,0.24,0,0,0
11,0.25,0,0,0
11,0.26,0,0,0
11,0.27,0,0,0
11,0.28,0,0,0
11,0.29,0,0,0
11,0.3,0,0,0
11,0.31,0,0,0
11,0.32,0,0,0
11,0.33,0,0,0
11,0.34,0,0,0
11,0.35,0,0,0
11,0.36,0,0,0
11,0.37,0,0,0
11,0.38,0,0,0
11,0.39,0,0,0
11,0.4,0,0,0
11,0.41,0,0,0
11,0.42,0,0,0
11,0.43,0,0,0
11,0.44,0,0,0
11,0.45,0,0,0
11,0.46,0,0,0
11,0.47,0,0,0
11,0.48,0,0,0
11,0.49,0,0,0
11,0.5,0,0,0
11,0.51,0,0,0
11,0.52,0,0,0
11,0.53,0,0,0
11,0.54,0,0,0
11,0.55,0,0,0
11,0.56,0,0,0
11,0.57,0,0,0
11,0.58,0,0,0
11,0.59,0,0,0
11,0.6,0,0,0
11,0.61,0,0,0
11,0.62,0,0,0
11,0.63,0,0,0
11,0.64,0,0,0
11,0.65,0,0,0
11,0.66,0,0,0
11,0.67,0,0,0
11,0.68,0,0,0
11,0.69,0,0,0
11,0.7,0,0,0
11,0.71,0,0,0
11,0.72,0,0,0
11,0.73,0,0,0
11,0.74,0,0,0
11,0.75,0,0,0
11,0.76,0.8,0,0
11,0.77,1.1,0,0
11,0.78,1.2,0,0
11,0.79,1.4,0,0
11,0.8,1.6,0,0
11,0.81,1.7,0,0
11,0.82,1.8,0,0
11,0.83,1.9,0,0
11,0.84,2,0.5,0
11,0.85,2.1,0.6,0
11,0.86,2.2,0.7,0
11,0.87,2.3,0.7,0
11,0.88,2.4,0.8,0
11,0.89,2.5,0.8,0
11,0.9,2.6,0.9,0
11,0.91,2.7,1,0.3
11,0.92,2.8,1,0.3
11,0.93,2.9,1.1,0.4
11,0.94,3,1.1,0.4
11,0.95,3.1,1.1,0.4
11,0.96,3.2,1.2,0.5
11,0.97,3.2,1.2,0.5
11,0.98,3.3,1.2,0.5
11,0.99,3.4,1.2,0.5
12,0,0,0,0
12,0.01,0,0,0
12,0.02,0,0,0
12,0.03,0,0,0
12,0.04,0,0,0
12,0.05,0,0,0
12,0.06,0,0,0
12,0.07,0,0,0
12,0.08,0,0,0
12,0.09,0,0,0
12,0.1,0,0,0
12,0.11,0,0,0
12,0.12,0,0,0
12,0.13,0,0,0
12,0.14,0,0,0
12,0.15,0,0,0
12,0.16,0,0,0
12,0.17,0,0,0
12,0.18,0,0,0
12,0.19,0,0,0
12,0.2,0,0,0
12,0.21,0,0,0
12,0.22,0,0,0
12,0.23,0,0,0
12,0.24,0,0,0
12,0.25,0,0,0
12,0.26,0,0,0
12,0.27,0,0,0
12,0.28,0,0,0
12,0.29,0,0,0
12,0.3,0,0,0
12,0.31,0,0,0
12,0.32,0,0,0
12,0.33,0,0,0
12,0.34,0,0,0
12,0.35,0,0,0
12,0.36,0,0,0
12,0.37,0,0,0
12,0.38,0,0,0
12,0.39,0,0,0
12,0.4,0,0,0
12,0.41,0,0,0
12,0.42,0,0,0
12,0.43,0,0,0
12,0.44,0,0,0
12,0.45,0,0,0
12,0.46,0,0,0
12,0.47,0,0,0
12,0.48,0,0,0
12,0.49,0,0,0
12,0.5,0,0,0
12,0.51,0,0,0
12,0.52,0,0,0
12,0.53,0,0,0
12,0.54,0,0,0
12,0.55,0,0,0
12,0.56,0,0,0
12,0.57,0,0,0
12,0.58,0,0,0
12,0.59,0,0,0
12,0.6,0,0,0
12,0.61,0,0,0
12,0.62,0,0,0
12,0.63,0,0,0
12,0.64,0,0,0
12,0.65,0,0,0
12,0.66,0,0,0
12,0.67,0,0,0
12,0.68,0,0,0
12,0.69,1.2,0,0
12,0.7,1.4,0,0
12,0.71,1.6,0,0
12,0.72,1.8,0,0
12,0.73,2,0,0
12,0.74,2.1,0,0
12,0.75,2.2,0,0
12,0.76,2.4,0.6,0
12,0.77,2.5,0.8,0
12,0.78,2.6,0.9,0
12,0.79,2.8,1,0
12,0.8,2.9,1.1,0
12,0.81,3,1.2,0
12,0.82,3.2,1.2,0
12,0.83,3.3,1.3,0.6
12,0.84,3.4,1.4,0.6
12,0.85,3.5,1.4,0.7
12,0.86,3.7,1.5,0.7
12,0.87,3.8,1.6,0.8
12,0.88,3.9,1.6,0.8
12,0.89,4,1.7,0.9
12,0.9,4.1,1.7,0.9
12,0.91,4.2,1.8,0.9
12,0.92,4.4,1.9,1
12,0.93,4.5,1.9,1
12,0.94,4.6,2,1
12,0.95,4.8,2,1.1
12,0.96,4.9,2.1,1.1
12,0.97,5,2.1,1.1
12,0.98,5.1,2.1,1.1
12,0.99,5.2,2.2,1.1
13,0,0,0,0
13,0.01,0,0,0
13,0.02,0,0,0
13,0.03,0,0,0
13,0.04,0,0,0
13,0.05,0,0,0
13,0.06,0,0,0
13,0.07,0,0,0
13,0.08,0,0,0
13,0.09,0,0,0
13,0.1,0,0,0
13,0.11,0,0,0
13,0.12,0,0,0
13,0.13,0,0,0
13,0.14,0,0,0
13,0.15,0,0,0
13,0.16,0,0,0
13,0.17,0,0,0
13,0.18,0,0,0
13,0.19,0,0,0
13,0.2,0,0,0
13,0.21,0,0,0
13,0.22,0,0,0
13,0.23,0,0,0
13,0.24,0,0,0
13,0.25,0,0,0
13,0.26,0,0,0
13,0.27,0,0,0
13,0.28,0,0,0
13,0.29,0,0,0
13,0.3,0,0,0
13,0.31,0,0,0
13,0.32,0,0,0
13,0.33,0,0,0
13,0.34,0,0,0
13,0.35,0,0,0
13,0.36,0,0,0
13,0.37,0,0,0
13,0.38,0,0,0
13,0.39,0,0,0
13,0.4,0,0,0
13,0.41,0,0,0
13,0.42,0,0,0
13,0.43,0,0,0
13,0.44,0,0,0
13,0.45,0,0,0
13,0.46,0,0,0
13,0.47,0,0,0
13,0.48,0,0,0
13,0.49,0,0,0
13,0.5,0,0,0
13,0.51,0,0,0
13,0.52,0,0,0
13,0.53,0,0,0
13,0.54,0,0,0
13,0.55,0,0,0
13,0.56,0,0,0
13,0.57,0,0,0
13,0.58,0,0,0
13,0.59,0,0,0
13,0.6,0,0,0
13,0.61,0,0,0
13,0.62,0,0,0
13,0.63,1.3,0,0
13,0.64,1.6,0,0
13,0.65,1.8,0,0
13,0.66,2,0,0
13,0.67,2.2,0,0
13,0.68,2.3,0,0
13,0.69,2.5,0,0
13,0.7,2.7,0.9,0
13,0.71,2.9,1,0
13,0.72,3,1.2,0
13,0.73,3.1,1.3,0
13,0.74,3.3,1.4,0
13,0.75,3.5,1.5,0
13,0.76,3.6,1.6,0.7
13,0.77,3.8,1.6,0.8
13,0.78,3.9,1.7,0.9
13,0.79,4.1,1.8,1
13,0.8,4.2,1.9,1
13,0.81,4.4,2,1.1
13,0.82,4.6,2,1.1
13,0.83,4.7,2.1,1.2
13,0.84,4.9,2.2,1.2
13,0.85,5,2.3,1.3
13,0.86,5.2,2.3,1.3
13,0.87,5.3,2.4,1.4
13,0.88,5.5,2.5,1.4
13,0.89,5.7,2.5,1.5
13,0.9,5.8,2.6,1.5
13,0.91,6,2.7,1.6
13,0.92,6.1,2.7,1.6
13,0.93,6.3,2.8,1.6
13,0.94,6.4,2.9,1.7
13,0.95,6.6,2.9,1.7
13,0.96,6.7,3,1.7
13,0.97,6.9,3,1.8
13,0.98,7,3.1,1.8
13,0.99,7.1,3.1,1.8
14,0,0,0,0
14,0.01,0,0,0
14,0.02,0,0,0
14,0.03,0,0,0
14,0.04,0,0,0
14,0.05,0,0,0
14,0.06,0,0,0
14,0.07,0,0,0
14,0.08,0,0,0
14,0.09,0,0,0
14,0.1,0,0,0
14,0.11,0,0,0
14,0.12,0,0,0
14,0.13,0,0,0
14,0.14,0,0,0
14,0.15,0,0,0
14,0.16,0,0,0
14,0.17,0,0,0
14,0.18,0,0,0
14,0.19,0,0,0
14,0.2,0,0,0
14,0.21,0,0,0
14,0.22,0,0,0
14,0.23,0,0,0
14,0.24,0,0,0
14,0.25,0,0,0
14,0.26,0,0,0
14,0.27,0,0,0
14,0.28,0,0,0
14,0.29,0,0,0
14,0.3,0,0,0
14,0.31,0,0,0
14,0.32,0,0,0
14,0.33,0,0,0
14,0.34,0,0,0
14,0.35,0,0,0
14,0.36,0,0,0
14,0.37,0,0,0
14,0.38,0,0,0
14,0.39,0,0,0
14,0.4,0,0,0
14,0.41,0,0,0
14,0.42,0,0,0
14,0.43,0,0,0
14,0.44,0,0,0
14,0.45,0,0,0
14,0.46,0,0,0
14,0.47,0,0,0
14,0.48,0,0,0
14,0.49,0,0,0
14,0.5,0,0,0
14,0.51,0,0,0
14,0.52,0,0,0
14,0.53,0,0,0
14,0.54,0,0,0
14,0.55,0,0,0
14,0.56,0,0,0
14,0.57,0,0,0
14,0.58,1.4,0,0
14,0.59,1.7,0,0
14,0.6,1.9,0,0
14,0.61,2.1,0,0
14,0.62,2.3,0,0
14,0.63,2.5,0,0
14,0.64,2.7,0,0
14,0.65,2.9,1.1,0
14,0.66,3.1,1.2,0
14,0.67,3.2,1.3,0
14,0.68,3.4,1.5,0
14,0.69,3.6,1.6,0
14,0.7,3.8,1.7,0.8
14,0.71,4,1.8,0.9
14,0.72,4.1,1.9,1
14,0.73,4.3,2,1.1
14,0.74,4.5,2.1,1.2
14,0.75,4.7,2.2,1.3
14,0.76,4.8,2.3,1.3
14,0.77,5,2.3,1.4
14,0.78,5.2,2.4,1.4
14,0.79,5.4,2.5,1.5
14,0.8,5.5,2.6,1.6
14,0.81,5.7,2.7,1.6
14,0.82,5.9,2.8,1.7
14,0.83,6.1,2.9,1.7
14,0.84,6.3,3,1.8
14,0.85,6.6,3.1,1.8
14,0.86,6.7,3.2,1.9
14,0.87,6.9,3.3,2
14,0.88,7.1,3.3,2
14,0.89,7.3,3.4,2.1
14,0.9,7.5,3.5,2.1
14,0.91,7.7,3.6,2.2
14,0.92,7.8,3.6,2.2
14,0.93,8,3.7,2.2
14,0.94,8.1,3.8,2.3
14,0.95,8.3,3.9,2.3
14,0.96,8.5,4,2.4
14,0.97,8.7,4,2.4
14,0.98,8.9,4.1,2.4
14,0.99,8.9,4.1,2.4
15,0,0,0,0
15,0.01,0,0,0
15,0.02,0,0,0
15,0.03,0,0,0
15,0.04,0,0,0
15,0.05,0,0,0
15,0.06,0,0,0
15,0.07,0,0,0
15,0.08,0,0,0
15,0.09,0,0,0
15,0.1,0,0,0
15,0.11,0,0,0
15,0.12,0,0,0
15,0.13,0,0,0
15,0.14,0,0,0
15,0.15,0,0,0
15,0.16,0,0,0
15,0.17,0,0,0
15,0.18,0,0,0
15,0.19,0,0,0
15,0.2,0,0,0
15,0.21,0,0,0
15,0.22,0,0,0
15,0.23,0,0,0
15,0.24,0,0,0
15,0.25,0,0,0
15,0.26,0,0,0
15,0.27,0,0,0
15,0.28,0,0,0
15,0.29,0,0,0
15,0.3,0,0,0
15,0.31,0,0,0
15,0.32,0,0,0
15,0.33,0,0,0
15,0.34,0,0,0
15,0.35,0,0,0
15,0.36,0,0,0
15,0.37,0,0,0
15,0.38,0,0,0
15,0.39,0,0,0
15,0.4,0,0,0
15,0.41,0,0,0
15,0.42,0,0,0
15,0.43,0,0,0
15,0.44,0,0,0
15,0.45,0,0,0
15,0.46,0,0,0
15,0.47,0,0,0
15,0.48,0,0,0
15,0.49,0,0,0
15,0.5,0,0,0
15,0.51,0,0,0
15,0.52,0,0,0
15,0.53,0,0,0
15,0.54,1.2,0,0
15,0.55,1.7,0,0
15,0.56,2,0,0
15,0.57,2.2,0,0
15,0.58,2.5,0,0
15,0.59,2.7,0,0
15,0.6,2.9,0.9,0
15,0.61,3.1,1.2,0
15,0.62,3.3,1.4,0
15,0.63,3.5,1.5,0
15,0.64,3.6,1.6,0
15,0.65,3.8,1.7,0.9
15,0.66,4,1.8,1
15,0.67,4.2,2,1.1
15,0.68,4.4,2.1,1.2
15,0.69,4.6,2.2,1.3
15,0.7,4.8,2.3,1.4
15,0.71,5,2.4,1.4
15,0.72,5.1,2.5,1.5
15,0.73,5.4,2.6,1.6
15,0.74,5.6,2.7,1.7
15,0.75,5.8,2.8,1.7
15,0.76,6,2.9,1.8
15,0.77,6.2,3,1.9
15,0.78,6.4,3.1,1.9
15,0.79,6.7,3.2,2
15,0.8,6.9,3.3,2.1
15,0.81,7.1,3.4,2.1
15,0.82,7.3,3.5,2.2
15,0.83,7.6,3.6,2.3
15,0.84,7.8,3.7,2.3
15,0.85,8,3.8,2.4
15,0.86,8.3,3.9,2.5
15,0.87,8.5,4,2.5
15,0.88,8.7,4.1,2.6
15,0.89,8.9,4.2,2.6
15,0.9,9.1,4.3,2.7
15,0.91,9.4,4.4,2.8
15,0.92,9.6,4.5,2.8
15,0.93,9.8,4.6,2.9
15,0.94,10,4.7,2.9
15,0.95,10.2,4.8,3
15,0.96,10.5,4.9,3
15,0.97,10.7,4.9,3
15,0.98,10.9,5,3.1
15,0.99,11,5.1,3.1
16,0,0,0,0
16,0.01,0,0,0
16,0.02,0,0,0
16,0.03,0,0,0
16,0.04,0,0,0
16,0.05,0,0,0
16,0.06,0,0,0
16,0.07,0,0,0
16,0.08,0,0,0
16,0.09,0,0,0
16,0.1,0,0,0
16,0.11,0,0,0
16,0.12,0,0,0
16,0.13,0,0,0
16,0.14,0,0,0
16,0.15,0,0,0
16,0.16,0,0,0
16,0.17,0,0,0
16,0.18,0,0,0
16,0.19,0,0,0
16,0.2,0,0,0
16,0.21,0,0,0
16,0.22,0,0,0
16,0.23,0,0,0
16,0.24,0,0,0
16,0.25,0,0,0
16,0.26,0,0,0
16,0.27,0,0,0
16,0.28,0,0,0
16,0.29,0,0,0
16,0.3,0,0,0
16,0.31,0,0,0
16,0.32,0,0,0
16,0.33,0,0,0
16,0.34,0,0,0
16,0.35,0,0,0
16,0.36,0,0,0
16,0.37,0,0,0
16,0.38,0,0,0
16,0.39,0,0,0
16,0.4,0,0,0
16,0.41,0,0,0
16,0.42,0,0,0
16,0.43,0,0,0
16,0.44,0,0,0
16,0.45,0,0,0
16,0.46,0,0,0
16,0.47,0,0,0
16,0.48,0,0,0
16,0.49,0,0,0
16,0.5,0,0,0
16,0.51,1.6,0,0
16,0.52,1.9,0,0
16,0.53,2.2,0,0
16,0.54,2.5,0,0
16,0.55,2.7,0,0
16,0.56,2.9,0,0
16,0.57,3.1,1.2,0
16,0.58,3.3,1.4,0
16,0.59,3.5,1.5,0
16,0.6,3.7,1.7,0
16,0.61,4,1.8,0.9
16,0.62,4.2,1.9,1.1
16,0.63,4.4,2.1,1.2
16,0.64,4.6,2.2,1.3
16,0.65,4.8,2.3,1.4
16,0.66,5,2.4,1.5
16,0.67,5.3,2.6,1.6
16,0.68,5.5,2.7,1.6
16,0.69,5.7,2.8,1.7
16,0.7,5.9,2.9,1.8
16,0.71,6.2,3,1.9
16,0.72,6.4,3.1,2
16,0.73,6.6,3.3,2
16,0.74,6.8,3.4,2.1
16,0.75,7.1,3.5,2.2
16,0.76,7.3,3.6,2.3
16,0.77,7.6,3.7,2.4
16,0.78,7.8,3.8,2.4
16,0.79,8.1,3.9,2.5
16,0.8,8.3,4.1,2.6
16,0.81,8.6,4.2,2.7
16,0.82,8.8,4.3,2.7
16,0.83,9.1,4.4,2.8
16,0.84,9.4,4.5,2.9
16,0.85,9.6,4.7,3
16,0.86,9.9,4.8,3
16,0.87,10.1,4.9,3.1
16,0.88,10.4,5,3.2
16,0.89,10.6,5.1,3.3
16,0.9,10.9,5.2,3.3
16,0.91,11.1,5.4,3.4
16,0.92,11.4,5.5,3.4
16,0.93,11.7,5.6,3.5
16,0.94,11.9,5.7,3.6
16,0.95,12.2,5.8,3.6
16,0.96,12.5,5.9,3.7
16,0.97,12.8,6,3.7
16,0.98,13,6.1,3.8
16,0.99,13.2,6.2,3.8
17,0,0,0,0
17,0.01,0,0,0
17,0.02,0,0,0
17,0.03,0,0,0
17,0.04,0,0,0
17,0.05,0,0,0
17,0.06,0,0,0
17,0.07,0,0,0
17,0.08,0,0,0
17,0.09,0,0,0
17,0.1,0,0,0
17,0.11,0,0,0
17,0.12,0,0,0
17,0.13,0,0,0
17,0.14,0,0,0
17,0.15,0,0,0
17,0.16,0,0,0
17,0.17,0,0,0
17,0.18,0,0,0
17,0.19,0,0,0
17,0.2,0,0,0
17,0.21,0,0,0
17,0.22,0,0,0
17,0.23,0,0,0
17,0.24,0,0,0
17,0.25,0,0,0
17,0.26,0,0,0
17,0.27,0,0,0
17,0.28,0,0,0
17,0.29,0,0,0
17,0.3,0,0,0
17,0.31,0,0,0
17,0.32,0,0,0
17,0.33,0,0,0
17,0.34,0,0,0
17,0.35,0,0,0
17,0.36,0,0,0
17,0.37,0,0,0
17,0.38,0,0,0
17,0.39,0,0,0
17,0.4,0,0,0
17,0.41,0,0,0
17,0.42,0,0,0
17,0.43,0,0,0
17,0.44,0,0,0
17,0.45,0,0,0
17,0.46,0,0,0
17,0.47,0,0,0
17,0.48,1.6,0,0
17,0.49,2,0,0
17,0.5,2.3,0,0
17,0.51,2.6,0,0
17,0.52,2.8,0,0
17,0.53,3,0,0
17,0.54,3.3,1.3,0
17,0.55,3.5,1.5,0
17,0.56,3.7,1.7,0
17,0.57,4,1.8,0
17,0.58,4.2,1.9,1.1
17,0.59,4.4,2.1,1.2
17,0.6,4.6,2.2,1.3
17,0.61,4.9,2.3,1.4
17,0.62,5.1,2.5,1.5
17,0.63,5.4,2.6,1.6
17,0.64,5.6,2.7,1.7
17,0.65,5.9,2.9,1.8
17,0.66,6.1,3,1.9
17,0.67,6.3,3.1,2
17,0.68,6.6,3.2,2
17,0.69,6.8,3.4,2.1
17,0.7,7,3.5,2.2
17,0.71,7.3,3.6,2.3
17,0.72,7.6,3.7,2.4
17,0.73,7.9,3.9,2.5
17,0.74,8.2,4,2.6
17,0.75,8.5,4.1,2.7
17,0.76,8.7,4.3,2.7
17,0.77,9,4.4,2.8
17,0.78,9.2,4.5,2.9
17,0.79,9.5,4.6,3
17,0.8,9.9,4.8,3.1
17,0.81,10.2,4.9,3.2
17,0.82,10.5,5,3.3
17,0.83,10.7,5.2,3.3
17,0.84,11,5.3,3.4
17,0.85,11.3,5.5,3.5
17,0.86,11.6,5.6,3.6
17,0.87,11.9,5.7,3.7
17,0.88,12.2,5.9,3.7
17,0.89,12.5,6,3.8
17,0.9,12.8,6.1,3.9
17,0.91,13.1,6.3,4
17,0.92,13.4,6.4,4.1
17,0.93,13.7,6.5,4.1
17,0.94,13.9,6.6,4.2
17,0.95,14.2,6.7,4.3
17,0.96,14.5,6.9,4.4
17,0.97,14.8,7,4.4
17,0.98,15,7.1,4.5
17,0.99,15.2,7.2,4.5
18,0,0,0,0
18,0.01,0,0,0
18,0.02,0,0,0
18,0.03,0,0,0
18,0.04,0,0,0
18,0.05,0,0,0
18,0.06,0,0,0
18,0.07,0,0,0
18,0.08,0,0,0
18,0.09,0,0,0
18,0.1,0,0,0
18,0.11,0,0,0
18,0.12,0,0,0
18,0.13,0,0,0
18,0.14,0,0,0
18,0.15,0,0,0
18,0.16,0,0,0
18,0.17,0,0,0
18,0.18,0,0,0
18,0.19,0,0,0
18,0.2,0,0,0
18,0.21,0,0,0
18,0.22,0,0,0
18,0.23,0,0,0
18,0.24,0,0,0
18,0.25,0,0,0
18,0.26,0,0,0
18,0.27,0,0,0
18,0.28,0,0,0
18,0.29,0,0,0
18,0.3,0,0,0
18,0.31,0,0,0
18,0.32,0,0,0
18,0.33,0,0,0
18,0.34,0,0,0
18,0.35,0,0,0
18,0.36,0,0,0
18,0.37,0,0,0
18,0.38,0,0,0
18,0.39,0,0,0
18,0.4,0,0,0
18,0.41,0,0,0
18,0.42,0,0,0
18,0.43,0,0,0
18,0.44,0,0,0
18,0.45,0,0,0
18,0.46,1.9,0,0
18,0.47,2.2,0,0
18,0.48,2.5,0,0
18,0.49,2.7,0,0
18,0.5,3,0,0
18,0.51,3.2,1.3,0
18,0.52,3.5,1.5,0
18,0.53,3.7,1.7,0
18,0.54,4,1.8,0
18,0.55,4.2,2,1.1
18,0.56,4.4,2.1,1.2
18,0.57,4.7,2.3,1.3
18,0.58,5,2.4,1.5
18,0.59,5.3,2.6,1.6
18,0.6,5.5,2.7,1.7
18,0.61,5.8,2.8,1.8
18,0.62,6.1,3,1.9
18,0.63,6.3,3.1,2
18,0.64,6.6,3.2,2.1
18,0.65,6.9,3.4,2.2
18,0.66,7.1,3.5,2.3
18,0.67,7.4,3.7,2.4
18,0.68,7.7,3.8,2.4
18,0.69,8,3.9,2.5
18,0.7,8.2,4.1,2.6
18,0.71,8.5,4.2,2.7
18,0.72,8.8,4.3,2.8
18,0.73,9.1,4.5,2.9
18,0.74,9.4,4.6,3
18,0.75,9.7,4.8,3.1
18,0.76,10,4.9,3.2
18,0.77,10.2,5,3.3
18,0.78,10.6,5.2,3.4
18,0.79,10.9,5.3,3.5
18,0.8,11.2,5.5,3.6
18,0.81,11.5,5.7,3.7
18,0.82,11.9,5.8,3.8
18,0.83,12.2,5.9,3.9
18,0.84,12.5,6.1,4
18,0.85,12.9,6.2,4.1
18,0.86,13.2,6.4,4.2
18,0.87,13.5,6.6,4.3
18,0.88,13.9,6.7,4.4
18,0.89,14.2,6.9,4.5
18,0.9,14.5,7,4.5
18,0.91,14.9,7.2,4.6
18,0.92,15.2,7.3,4.7
18,0.93,15.6,7.5,4.8
18,0.94,15.9,7.6,4.9
18,0.95,16.2,7.7,5
18,0.96,16.5,7.9,5.1
18,0.97,16.8,8,5.1
18,0.98,17.1,8.1,5.2
18,0.99,17.4,8.2,5.3
19,0,0,0,0
19,0.01,0,0,0
19,0.02,0,0,0
19,0.03,0,0,0
19,0.04,0,0,0
19,0.05,0,0,0
19,0.06,0,0,0
19,0.07,0,0,0
19,0.08,0,0,0
19,0.09,0,0,0
19,0.1,0,0,0
19,0.11,0,0,0
19,0.12,0,0,0
19,0.13,0,0,0
19,0.14,0,0,0
19,0.15,0,0,0
19,0.16,0,0,0
19,0.17,0,0,0
19,0.18,0,0,0
19,0.19,0,0,0
19,0.2,0,0,0
19,0.21,0,0,0
19,0.22,0,0,0
19,0.23,0,0,0
19,0.24,0,0,0
19,0.25,0,0,0
19,0.26,0,0,0
19,0.27,0,0,0
19,0.28,0,0,0
19,0.29,0,0,0
19,0.3,0,0,0
19,0.31,0,0,0
19,0.32,0,0,0
19,0.33,0,0,0
19,0.34,0,0,0
19,0.35,0,0,0
19,0.36,0,0,0
19,0.37,0,0,0
19,0.38,0,0,0
19,0.39,0,0,0
19,0.4,0,0,0
19,0.41,0,0,0
19,0.42,0,0,0
19,0.43,0,0,0
19,0.44,1.9,0,0
19,0.45,2.2,0,0
19,0.46,2.6,0,0
19,0.47,2.8,0,0
19,0.48,3.1,1.1,0
19,0.49,3.4,1.4,0
19,0.5,3.6,1.6,0
19,0.51,3.9,1.8,0
19,0.52,4.2,1.9,1.1
19,0.53,4.5,2.1,1.2
19,0.54,4.7,2.3,1.3
19,0.55,5,2.4,1.5
19,0.56,5.3,2.6,1.6
19,0.57,5.5,2.7,1.7
19,0.58,5.8,2.9,1.8
19,0.59,6.1,3,1.9
19,0.6,6.4,3.1,2
19,0.61,6.7,3.3,2.1
19,0.62,7,3.4,2.2
19,0.63,7.3,3.6,2.3
19,0.64,7.6,3.7,2.4
19,0.65,7.9,3.9,2.5
19,0.66,8.2,4,2.6
19,0.67,8.5,4.2,2.7
19,0.68,8.8,4.3,2.8
19,0.69,9.1,4.4,2.9
19,0.7,9.4,4.6,3
19,0.71,9.7,4.7,3.1
19,0.72,10,4.9,3.2
19,0.73,10.4,5.1,3.4
19,0.74,10.7,5.2,3.5
19,0.75,11,5.4,3.6
19,0.76,11.4,5.6,3.7
19,0.77,11.7,5.7,3.8
19,0.78,12,5.9,3.9
19,0.79,12.4,6.1,4
19,0.8,12.8,6.2,4.1
19,0.81,13.1,6.4,4.2
19,0.82,13.5,6.6,4.3
19,0.83,13.8,6.7,4.4
19,0.84,14.3,6.9,4.5
19,0.85,14.6,7,4.6
19,0.86,15,7.2,4.7
19,0.87,15.4,7.4,4.8
19,0.88,15.8,7.6,4.9
19,0.89,16.2,7.7,5
19,0.9,16.5,7.9,5.2
19,0.91,16.8,8.1,5.2
19,0.92,17.2,8.3,5.4
19,0.93,17.5,8.4,5.5
19,0.94,17.9,8.6,5.5
19,0.95,18.3,8.7,5.6
19,0.96,18.6,8.9,5.7
19,0.97,19,9,5.8
19,0.98,19.2,9.2,5.9
19,0.99,19.5,9.3,6
20,0,0,0,0
20,0.01,0,0,0
20,0.02,0,0,0
20,0.03,0,0,0
20,0.04,0,0,0
20,0.05,0,0,0
20,0.06,0,0,0
20,0.07,0,0,0
20,0.08,0,0,0
20,0.09,0,0,0
20,0.1,0,0,0
20,0.11,0,0,0
20,0.12,0,0,0
20,0.13,0,0,0
20,0.14,0,0,0
20,0.15,0,0,0
20,0.16,0,0,0
20,0.17,0,0,0
20,0.18,0,0,0
20,0.19,0,0,0
20,0.2,0,0,0
20,0.21,0,0,0
20,0.22,0,0,0
20,0.23,0,0,0
20,0.24,0,0,0
20,0.25,0,0,0
20,0.26,0,0,0
20,0.27,0,0,0
20,0.28,0,0,0
20,0.29,0,0,0
20,0.3,0,0,0
20,0.31,0,0,0
20,0.32,0,0,0
20,0.33,0,0,0
20,0.34,0,0,0
20,0.35,0,0,0
20,0.36,0,0,0
20,0.37,0,0,0
20,0.38,0,0,0
20,0.39,0,0,0
20,0.4,0,0,0
20,0.41,0,0,0
20,0.42,1.9,0,0
20,0.43,2.3,0,0
20,0.44,2.6,0,0
20,0.45,2.9,0,0
20,0.46,3.2,1.2,0
20,0.47,3.5,1.5,0
20,0.48,3.7,1.7,0
20,0.49,4.1,1.9,0
20,0.5,4.3,2,1.1
20,0.51,4.6,2.2,1.3
20,0.52,4.9,2.4,1.4
20,0.53,5.2,2.5,1.5
20,0.54,5.5,2.7,1.7
20,0.55,5.8,2.8,1.8
20,0.56,6.1,3,1.9
20,0.57,6.4,3.1,2
20,0.58,6.7,3.3,2.1
20,0.59,7,3.4,2.2
20,0.6,7.3,3.6,2.3
20,0.61,7.7,3.7,2.5
20,0.62,8,3.9,2.6
20,0.63,8.3,4.1,2.7
20,0.64,8.6,4.2,2.8
20,0.65,8.9,4.4,2.9
20,0.66,9.2,4.6,3
20,0.67,9.5,4.7,3.1
20,0.68,9.9,4.9,3.2
20,0.69,10.2,5,3.3
20,0.7,10.6,5.2,3.4
20,0.71,10.9,5.4,3.6
20,0.72,11.2,5.6,3.7
20,0.73,11.5,5.8,3.8
20,0.74,12,5.9,3.9
20,0.75,12.3,6.1,4
20,0.76,12.7,6.3,4.1
20,0.77,13.1,6.5,4.2
20,0.78,13.5,6.7,4.3
20,0.79,13.9,6.8,4.4
20,0.8,14.3,7,4.6
20,0.81,14.7,7.2,4.7
20,0.82,15,7.4,4.8
20,0.83,15.5,7.6,4.9
20,0.84,15.9,7.8,5
20,0.85,16.3,7.9,5.2
20,0.86,16.7,8.1,5.3
20,0.87,17.1,8.3,5.4
20,0.88,17.5,8.5,5.5
20,0.89,17.9,8.7,5.6
20,0.9,18.3,8.9,5.7
20,0.91,18.8,9.1,5.9
20,0.92,19.2,9.2,6
20,0.93,19.5,9.4,6.1
20,0.94,20,9.6,6.2
20,0.95,20.4,9.8,6.3
20,0.96,20.7,10,6.5
20,0.97,21.1,10.1,6.6
20,0.98,21.5,10.3,6.7
20,0.99,21.9,10.5,6.7
21,0,0,0,0
21,0.01,0,0,0
21,0.02,0,0,0
21,0.03,0,0,0
21,0.04,0,0,0
21,0.05,0,0,0
21,0.06,0,0,0
21,0.07,0,0,0
21,0.08,0,0,0
21,0.09,0,0,0
21,0.1,0,0,0
21,0.11,0,0,0
21,0.12,0,0,0
21,0.13,0,0,0
21,0.14,0,0,0
21,0.15,0,0,0
21,0.16,0,0,0
21,0.17,0,0,0
21,0.18,0,0,0
21,0.19,0,0,0
21,0.2,0,0,0
21,0.21,0,0,0
21,0.22,0,0,0
21,0.23,0,0,0
21,0.24,0,0,0
21,0.25,0,0,0
21,0.26,0,0,0
21,0.27,0,0,0
21,0.28,0,0,0
21,0.29,0,0,0
21,0.3,0,0,0
21,0.31,0,0,0
21,0.32,0,0,0
21,0.33,0,0,0
21,0.34,0,0,0
21,0.35,0,0,0
21,0.36,0,0,0
21,0.37,0,0,0
21,0.38,0,0,0
21,0.39,0,0,0
21,0.4,1.8,0,0
21,0.41,2.2,0,0
21,0.42,2.5,0,0
21,0.43,2.9,0,0
21,0.44,3.2,0,0
21,0.45,3.4,1.4,0
21,0.46,3.7,1.7,0
21,0.47,4,1.9,0
21,0.48,4.3,2,1.1
21,0.49,4.6,2.2,1.3
21,0.5,4.9,2.4,1.5
21,0.51,5.2,2.5,1.6
21,0.52,5.5,2.7,1.7
21,0.53,5.8,2.8,1.8
21,0.54,6.1,3,2
21,0.55,6.4,3.2,2.1
21,0.56,6.7,3.3,2.2
21,0.57,7.1,3.5,2.3
21,0.58,7.4,3.7,2.4
21,0.59,7.7,3.8,2.5
21,0.6,8,4,2.7
21,0.61,8.4,4.2,2.8
21,0.62,8.7,4.4,2.9
21,0.63,9.1,4.5,3
21,0.64,9.5,4.7,3.1
21,0.65,9.8,4.9,3.2
21,0.66,10.2,5.1,3.4
21,0.67,10.6,5.3,3.5
21,0.68,10.9,5.4,3.6
21,0.69,11.3,5.6,3.7
21,0.7,11.7,5.8,3.8
21,0.71,12.1,6,3.9
21,0.72,12.4,6.2,4.1
21,0.73,12.8,6.3,4.2
21,0.74,13.2,6.5,4.3
21,0.75,13.6,6.7,4.4
21,0.76,14,6.9,4.5
21,0.77,14.5,7.1,4.7
21,0.78,14.9,7.3,4.8
21,0.79,15.3,7.5,4.9
21,0.8,15.7,7.7,5.1
21,0.81,16.2,7.9,5.2
21,0.82,16.6,8.1,5.3
21,0.83,17.1,8.3,5.5
21,0.84,17.5,8.5,5.6
21,0.85,18,8.8,5.7
21,0.86,18.4,9,5.9
21,0.87,18.9,9.2,6
21,0.88,19.4,9.4,6.1
21,0.89,19.8,9.6,6.3
21,0.9,20.2,9.8,6.4
21,0.91,20.6,10,6.5
21,0.92,21.1,10.2,6.7
21,0.93,21.6,10.4,6.8
21,0.94,22,10.6,6.9
21,0.95,22.4,10.8,7
21,0.96,22.8,11,7.2
21,0.97,23.2,11.2,7.3
21,0.98,23.6,11.4,7.4
21,0.99,23.9,11.6,7.4
22,0,0,0,0
22,0.01,0,0,0
22,0.02,0,0,0
22,0.03,0,0,0
22,0.04,0,0,0
22,0.05,0,0,0
22,0.06,0,0,0
22,0.07,0,0,0
22,0.08,0,0,0
22,0.09,0,0,0
22,0.1,0,0,0
22,0.11,0,0,0
22,0.12,0,0,0
22,0.13,0,0,0
22,0.14,0,0,0
22,0.15,0,0,0
22,0.16,0,0,0
22,0.17,0,0,0
22,0.18,0,0,0
22,0.19,0,0,0
22,0.2,0,0,0
22,0.21,0,0,0
22,0.22,0,0,0
22,0.23,0,0,0
22,0.24,0,0,0
22,0.25,0,0,0
22,0.26,0,0,0
22,0.27,0,0,0
22,0.28,0,0,0
22,0.29,0,0,0
22,0.3,0,0,0
22,0.31,0,0,0
22,0.32,0,0,0
22,0.33,0,0,0
22,0.34,0,0,0
22,0.35,0,0,0
22,0.36,0,0,0
22,0.37,0,0,0
22,0.38,0,0,0
22,0.39,2,0,0
22,0.4,2.4,0,0
22,0.41,2.7,0,0
22,0.42,3.1,0,0
22,0.43,3.4,1.4,0
22,0.44,3.7,1.6,0
22,0.45,4,1.8,0
22,0.46,4.3,2,1.1
22,0.47,4.6,2.2,1.3
22,0.48,4.9,2.4,1.5
22,0.49,5.2,2.5,1.6
22,0.5,5.5,2.7,1.7
22,0.51,5.8,2.9,1.8
22,0.52,6.1,3,2
22,0.53,6.5,3.2,2.1
22,0.54,6.8,3.4,2.2
22,0.55,7.1,3.6,2.3
22,0.56,7.5,3.7,2.5
22,0.57,7.8,3.9,2.6
22,0.58,8.2,4.1,2.7
22,0.59,8.5,4.3,2.8
22,0.6,8.9,4.5,3
22,0.61,9.3,4.6,3.1
22,0.62,9.6,4.8,3.2
22,0.63,10,5,3.3
22,0.64,10.4,5.2,3.5
22,0.65,10.7,5.4,3.6
22,0.66,11.1,5.5,3.7
22,0.67,11.5,5.7,3.8
22,0.68,11.9,5.9,4
22,0.69,12.3,6.1,4.1
22,0.7,12.7,6.3,4.2
22,0.71,13.1,6.5,4.4
22,0.72,13.5,6.7,4.5
22,0.73,13.9,6.9,4.6
22,0.74,14.4,7.2,4.8
22,0.75,14.9,7.4,4.9
22,0.76,15.4,7.6,5
22,0.77,15.8,7.8,5.2
22,0.78,16.2,8,5.3
22,0.79,16.7,8.2,5.4
22,0.8,17.1,8.5,5.6
22,0.81,17.6,8.7,5.7
22,0.82,18.1,8.9,5.9
22,0.83,18.6,9.1,6
22,0.84,19,9.3,6.2
22,0.85,19.5,9.6,6.3
22,0.86,20,9.8,6.4
22,0.87,20.5,10,6.6
22,0.88,20.9,10.2,6.7
22,0.89,21.4,10.4,6.9
22,0.9,21.9,10.7,7
22,0.91,22.3,10.9,7.1
22,0.92,22.8,11.1,7.3
22,0.93,23.4,11.4,7.4
22,0.94,23.9,11.6,7.6
22,0.95,24.3,11.8,7.7
22,0.96,24.8,12,7.8
22,0.97,25.3,12.2,8
22,0.98,25.6,12.5,8.1
22,0.99,26.2,12.6,8.2
23,0,0,0,0
23,0.01,0,0,0
23,0.02,0,0,0
23,0.03,0,0,0
23,0.04,0,0,0
23,0.05,0,0,0
23,0.06,0,0,0
23,0.07,0,0,0
23,0.08,0,0,0
23,0.09,0,0,0
23,0.1,0,0,0
23,0.11,0,0,0
23,0.12,0,0,0
23,0.13,0,0,0
23,0.14,0,0,0
23,0.15,0,0,0
23,0.16,0,0,0
23,0.17,0,0,0
23,0.18,0,0,0
23,0.19,0,0,0
23,0.2,0,0,0
23,0.21,0,0,0
23,0.22,0,0,0
23,0.23,0,0,0
23,0.24,0,0,0
23,0.25,0,0,0
23,0.26,0,0,0
23,0.27,0,0,0
23,0.28,0,0,0
23,0.29,0,0,0
23,0.3,0,0,0
23,0.31,0,0,0
23,0.32,0,0,0
23,0.33,0,0,0
23,0.34,0,0,0
23,0.35,0,0,0
23,0.36,0,0,0
23,0.37,1.7,0,0
23,0.38,2.2,0,0
23,0.39,2.5,0,0
23,0.4,2.9,0,0
23,0.41,3.2,1.2,0
23,0.42,3.5,1.5,0
23,0.43,3.8,1.8,0
23,0.44,4.1,1.9,0
23,0.45,4.5,2.1,1.2
23,0.46,4.8,2.3,1.4
23,0.47,5.1,2.5,1.6
23,0.48,5.5,2.7,1.7
23,0.49,5.8,2.8,1.8
23,0.5,6.1,3,2
23,0.51,6.4,3.2,2.1
23,0.52,6.8,3.4,2.2
23,0.53,7.1,3.6,2.3
23,0.54,7.5,3.7,2.5
23,0.55,7.8,3.9,2.6
23,0.56,8.2,4.1,2.7
23,0.57,8.5,4.3,2.9
23,0.58,8.9,4.5,3
23,0.59,9.3,4.7,3.1
23,0.6,9.7,4.9,3.3
23,0.61,10.1,5.1,3.4
23,0.62,10.5,5.3,3.5
23,0.63,10.9,5.5,3.7
23,0.64,11.3,5.7,3.8
23,0.65,11.7,5.9,3.9
23,0.66,12.1,6.1,4.1
23,0.67,12.5,6.3,4.2
23,0.68,12.9,6.5,4.3
23,0.69,13.4,6.7,4.5
23,0.7,13.8,7,4.6
23,0.71,14.3,7.2,4.7
23,0.72,14.8,7.4,4.9
23,0.73,15.3,7.6,5
23,0.74,15.8,7.8,5.2
23,0.75,16.3,8.1,5.3
23,0.76,16.7,8.3,5.5
23,0.77,17.2,8.5,5.6
23,0.78,17.7,8.7,5.8
23,0.79,18.2,9,5.9
23,0.8,18.6,9.2,6.1
23,0.81,19.1,9.4,6.2
23,0.82,19.7,9.6,6.4
23,0.83,20.2,9.8,6.5
23,0.84,20.7,10.1,6.7
23,0.85,21.2,10.3,6.8
23,0.86,21.7,10.6,7
23,0.87,22.2,10.8,7.2
23,0.88,22.7,11.1,7.3
23,0.89,23.2,11.3,7.5
23,0.9,23.7,11.6,7.7
23,0.91,24.3,11.8,7.8
23,0.92,24.9,12,8
23,0.93,25.4,12.3,8.1
23,0.94,25.9,12.5,8.3
23,0.95,26.4,12.8,8.4
23,0.96,26.8,13,8.6
23,0.97,27.3,13.2,8.7
23,0.98,27.9,13.5,8.8
23,0.99,28.4,13.7,8.9
24,0,0,0,0
24,0.01,0,0,0
24,0.02,0,0,0
24,0.03,0,0,0
24,0.04,0,0,0
24,0.05,0,0,0
24,0.06,0,0,0
24,0.07,0,0,0
24,0.08,0,0,0
24,0.09,0,0,0
24,0.1,0,0,0
24,0.11,0,0,0
24,0.12,0,0,0
24,0.13,0,0,0
24,0.14,0,0,0
24,0.15,0,0,0
24,0.16,0,0,0
24,0.17,0,0,0
24,0.18,0,0,0
24,0.19,0,0,0
24,0.2,0,0,0
24,0.21,0,0,0
24,0.22,0,0,0
24,0.23,0,0,0
24,0.24,0,0,0
24,0.25,0,0,0
24,0.26,0,0,0
24,0.27,0,0,0
24,0.28,0,0,0
24,0.29,0,0,0
24,0.3,0,0,0
24,0.31,0,0,0
24,0.32,0,0,0
24,0.33,0,0,0
24,0.34,0,0,0
24,0.35,0,0,0
24,0.36,1.9,0,0
24,0.37,2.3,0,0
24,0.38,2.6,0,0
24,0.39,3,0,0
24,0.4,3.3,1.4,0
24,0.41,3.7,1.6,0
24,0.42,4,1.8,0
24,0.43,4.4,2,1.2
24,0.44,4.7,2.3,1.4
24,0.45,5,2.4,1.5
24,0.46,5.4,2.6,1.7
24,0.47,5.7,2.8,1.8
24,0.48,6,3,1.9
24,0.49,6.4,3.2,2.1
24,0.5,6.7,3.3,2.2
24,0.51,7,3.5,2.3
24,0.52,7.4,3.7,2.5
24,0.53,7.8,3.9,2.6
24,0.54,8.2,4.1,2.7
24,0.55,8.6,4.3,2.9
24,0.56,8.9,4.5,3
24,0.57,9.3,4.7,3.1
24,0.58,9.7,4.9,3.3
24,0.59,10.1,5.1,3.4
24,0.6,10.5,5.3,3.6
24,0.61,11,5.5,3.7
24,0.62,11.4,5.8,3.8
24,0.63,11.9,6,4
24,0.64,12.3,6.2,4.1
24,0.65,12.7,6.4,4.3
24,0.66,13.2,6.6,4.4
24,0.67,13.7,6.8,4.6
24,0.68,14.1,7.1,4.7
24,0.69,14.6,7.3,4.9
24,0.7,15.1,7.5,5
24,0.71,15.6,7.7,5.2
24,0.72,16.1,8,5.3
24,0.73,16.5,8.2,5.5
24,0.74,17.1,8.5,5.6
24,0.75,17.6,8.7,5.8
24,0.76,18.1,9,6
24,0.77,18.6,9.2,6.1
24,0.78,19.2,9.4,6.3
24,0.79,19.7,9.7,6.4
24,0.8,20.2,10,6.6
24,0.81,20.7,10.2,6.8
24,0.82,21.2,10.5,6.9
24,0.83,21.8,10.7,7.1
24,0.84,22.4,11,7.3
24,0.85,22.9,11.3,7.4
24,0.86,23.4,11.5,7.6
24,0.87,24,11.8,7.8
24,0.88,24.6,12,7.9
24,0.89,25.1,12.3,8.1
24,0.9,25.7,12.6,8.3
24,0.91,26.2,12.8,8.4
24,0.92,26.8,13.1,8.6
24,0.93,27.4,13.3,8.8
24,0.94,28,13.6,8.9
24,0.95,28.6,13.9,9.1
24,0.96,29,14.1,9.3
24,0.97,29.6,14.3,9.4
24,0.98,30,14.6,9.6
24,0.99,30.5,14.8,9.7
25,0,0,0,0
25,0.01,0,0,0
25,0.02,0,0,0
25,0.03,0,0,0
25,0.04,0,0,0
25,0.05,0,0,0
25,0.06,0,0,0
25,0.07,0,0,0
25,0.08,0,0,0
25,0.09,0,0,0
25,0.1,0,0,0
25,0.11,0,0,0
25,0.12,0,0,0
25,0.13,0,0,0
25,0.14,0,0,0
25,0.15,0,0,0
25,0.16,0,0,0
25,0.17,0,0,0
25,0.18,0,0,0
25,0.19,0,0,0
25,0.2,0,0,0
25,0.21,0,0,0
25,0.22,0,0,0
25,0.23,0,0,0
25,0.24,0,0,0
25,0.25,0,0,0
25,0.26,0,0,0
25,0.27,0,0,0
25,0.28,0,0,0
25,0.29,0,0,0
25,0.3,0,0,0
25,0.31,0,0,0
25,0.32,0,0,0
25,0.33,0,0,0
25,0.34,0,0,0
25,0.35,1.9,0,0
25,0.36,2.3,0,0
25,0.37,2.7,0,0
25,0.38,3.1,0,0
25,0.39,3.4,1.4,0
25,0.4,3.8,1.7,0
25,0.41,4.1,1.9,0
25,0.42,4.4,2.1,1.2
25,0.43,4.8,2.3,1.4
25,0.44,5.1,2.5,1.6
25,0.45,5.5,2.7,1.7
25,0.46,5.8,2.9,1.9
25,0.47,6.2,3.1,2
25,0.48,6.5,3.3,2.1
25,0.49,6.9,3.5,2.3
25,0.5,7.3,3.7,2.4
25,0.51,7.6,3.9,2.6
25,0.52,8,4.1,2.7
25,0.53,8.4,4.3,2.8
25,0.54,8.8,4.5,3
25,0.55,9.3,4.7,3.1
25,0.56,9.7,4.9,3.2
25,0.57,10.1,5.1,3.4
25,0.58,10.5,5.3,3.5
25,0.59,11,5.5,3.7
25,0.6,11.4,5.7,3.8
25,0.61,11.8,6,4
25,0.62,12.3,6.2,4.1
25,0.63,12.8,6.4,4.3
25,0.64,13.2,6.7,4.4
25,0.65,13.7,6.9,4.6
25,0.66,14.2,7.1,4.7
25,0.67,14.7,7.4,4.9
25,0.68,15.2,7.6,5
25,0.69,15.8,7.9,5.2
25,0.7,16.3,8.1,5.4
25,0.71,16.7,8.4,5.5
25,0.72,17.2,8.6,5.7
25,0.73,17.8,8.8,5.9
25,0.74,18.4,9.1,6
25,0.75,18.9,9.4,6.2
25,0.76,19.4,9.6,6.4
25,0.77,20,9.9,6.5
25,0.78,20.5,10.2,6.7
25,0.79,21,10.5,6.9
25,0.8,21.5,10.7,7.1
25,0.81,22.1,11,7.2
25,0.82,22.6,11.2,7.4
25,0.83,23.1,11.5,7.6
25,0.84,23.7,11.8,7.8
25,0.85,24.3,12.1,8
25,0.86,24.9,12.3,8.1
25,0.87,25.6,12.6,8.3
25,0.88,26.1,12.9,8.5
25,0.89,26.7,13.2,8.7
25,0.9,27.3,13.5,8.9
25,0.91,27.9,13.7,9
25,0.92,28.5,14,9.2
25,0.93,29.2,14.3,9.4
25,0.94,29.7,14.6,9.6
25,0.95,30.4,14.9,9.8
25,0.96,31,15.2,10
25,0.97,31.5,15.5,10.1
25,0.98,32,15.7,10.3
25,0.99,32.5,16,10.4
26,0,0,0,0
26,0.01,0,0,0
26,0.02,0,0,0
26,0.03,0,0,0
26,0.04,0,0,0
26,0.05,0,0,0
26,0.06,0,0,0
26,0.07,0,0,0
26,0.08,0,0,0
26,0.09,0,0,0
26,0.1,0,0,0
26,0.11,0,0,0
26,0.12,0,0,0
26,0.13,0,0,0
26,0.14,0,0,0
26,0.15,0,0,0
26,0.16,0,0,0
26,0.17,0,0,0
26,0.18,0,0,0
26,0.19,0,0,0
26,0.2,0,0,0
26,0.21,0,0,0
26,0.22,0,0,0
26,0.23,0,0,0
26,0.24,0,0,0
26,0.25,0,0,0
26,0.26,0,0,0
26,0.27,0,0,0
26,0.28,0,0,0
26,0.29,0,0,0
26,0.3,0,0,0
26,0.31,0,0,0
26,0.32,0,0,0
26,0.33,0,0,0
26,0.34,1.9,0,0
26,0.35,2.3,0,0
26,0.36,2.7,0,0
26,0.37,3.1,0,0
26,0.38,3.5,1.5,0
26,0.39,3.8,1.7,0
26,0.4,4.2,2,0
26,0.41,4.5,2.2,1.3
26,0.42,4.9,2.4,1.5
26,0.43,5.2,2.6,1.6
26,0.44,5.5,2.8,1.8
26,0.45,5.9,3,1.9
26,0.46,6.2,3.2,2.1
26,0.47,6.6,3.3,2.2
26,0.48,7,3.6,2.3
26,0.49,7.4,3.8,2.5
26,0.5,7.8,4,2.6
26,0.51,8.2,4.2,2.8
26,0.52,8.7,4.4,2.9
26,0.53,9.1,4.6,3.1
26,0.54,9.5,4.9,3.2
26,0.55,10,5.1,3.4
26,0.56,10.4,5.3,3.5
26,0.57,10.8,5.5,3.6
26,0.58,11.3,5.7,3.8
26,0.59,11.8,6,4
26,0.6,12.3,6.2,4.1
26,0.61,12.7,6.4,4.3
26,0.62,13.2,6.7,4.4
26,0.63,13.8,6.9,4.6
26,0.64,14.3,7.2,4.8
26,0.65,14.8,7.4,4.9
26,0.66,15.3,7.6,5.1
26,0.67,15.8,7.9,5.3
26,0.68,16.4,8.2,5.4
26,0.69,16.9,8.4,5.6
26,0.7,17.4,8.7,5.8
26,0.71,17.9,9,5.9
26,0.72,18.5,9.2,6.1
26,0.73,19,9.5,6.3
26,0.74,19.6,9.8,6.5
26,0.75,20.2,10.1,6.7
26,0.76,20.7,10.3,6.8
26,0.77,21.3,10.6,7
26,0.78,21.9,10.9,7.2
26,0.79,22.5,11.2,7.4
26,0.8,23,11.5,7.6
26,0.81,23.6,11.8,7.7
26,0.82,24.1,12.1,7.9
26,0.83,24.7,12.3,8.1
26,0.84,25.4,12.6,8.3
26,0.85,26,12.9,8.5
26,0.86,26.7,13.3,8.7
26,0.87,27.3,13.6,8.9
26,0.88,27.9,13.9,9.1
26,0.89,28.6,14.1,9.3
26,0.9,29.3,14.5,9.5
26,0.91,30,14.8,9.7
26,0.92,30.7,15.1,9.9
26,0.93,31.2,15.4,10.1
26,0.94,31.9,15.7,10.3
26,0.95,32.6,16,10.5
26,0.96,33.3,16.3,10.7
26,0.97,34,16.6,10.8
26,0.98,34.6,16.9,11
26,0.99,35.2,17.2,11.2
27,0,0,0,0
27,0.01,0,0,0
27,0.02,0,0,0
27,0.03,0,0,0
27,0.04,0,0,0
27,0.05,0,0,0
27,0.06,0,0,0
27,0.07,0,0,0
27,0.08,0,0,0
27,0.09,0,0,0
27,0.1,0,0,0
27,0.11,0,0,0
27,0.12,0,0,0
27,0.13,0,0,0
27,0.14,0,0,0
27,0.15,0,0,0
27,0.16,0,0,0
27,0.17,0,0,0
27,0.18,0,0,0
27,0.19,0,0,0
27,0.2,0,0,0
27,0.21,0,0,0
27,0.22,0,0,0
27,0.23,0,0,0
27,0.24,0,0,0
27,0.25,0,0,0
27,0.26,0,0,0
27,0.27,0,0,0
27,0.28,0,0,0
27,0.29,0,0,0
27,0.3,0,0,0
27,0.31,0,0,0
27,0.32,0,0,0
27,0.33,1.9,0,0
27,0.34,2.3,0,0
27,0.35,2.8,0,0
27,0.36,3.1,0,0
27,0.37,3.5,1.5,0
27,0.38,3.9,1.8,0
27,0.39,4.2,2,0
27,0.4,4.6,2.2,1.3
27,0.41,4.9,2.4,1.5
27,0.42,5.3,2.6,1.7
27,0.43,5.7,2.8,1.8
27,0.44,6.1,3,2
27,0.45,6.5,3.2,2.1
27,0.46,6.8,3.5,2.3
27,0.47,7.3,3.7,2.4
27,0.48,7.7,3.9,2.6
27,0.49,8.1,4.1,2.7
27,0.5,8.5,4.3,2.9
27,0.51,9,4.5,3
27,0.52,9.4,4.8,3.2
27,0.53,9.8,5,3.3
27,0.54,10.3,5.2,3.5
27,0.55,10.8,5.4,3.6
27,0.56,11.3,5.7,3.8
27,0.57,11.7,5.9,3.9
27,0.58,12.2,6.2,4.1
27,0.59,12.7,6.4,4.3
27,0.6,13.2,6.6,4.4
27,0.61,13.7,6.9,4.6
27,0.62,14.2,7.1,4.8
27,0.63,14.7,7.4,4.9
27,0.64,15.2,7.7,5.1
27,0.65,15.8,7.9,5.3
27,0.66,16.3,8.2,5.4
27,0.67,16.9,8.5,5.6
27,0.68,17.5,8.7,5.8
27,0.69,18,9,6
27,0.7,18.6,9.3,6.2
27,0.71,19.2,9.5,6.4
27,0.72,19.8,9.9,6.5
27,0.73,20.3,10.1,6.7
27,0.74,20.9,10.4,6.9
27,0.75,21.5,10.7,7.1
27,0.76,22.2,11,7.3
27,0.77,22.8,11.3,7.5
27,0.78,23.4,11.6,7.7
27,0.79,23.9,11.9,7.9
27,0.8,24.5,12.2,8.1
27,0.81,25.2,12.5,8.3
27,0.82,25.7,12.8,8.5
27,0.83,26.4,13.1,8.7
27,0.84,27,13.5,8.9
27,0.85,27.7,13.8,9.1
27,0.86,28.4,14.1,9.3
27,0.87,29,14.5,9.5
27,0.88,29.7,14.8,9.7
27,0.89,30.3,15.1,9.9
27,0.9,30.9,15.4,10.1
27,0.91,31.6,15.7,10.3
27,0.92,32.3,16.1,10.5
27,0.93,33.1,16.4,10.7
27,0.94,33.9,16.7,11
27,0.95,34.6,17,11.2
27,0.96,35.4,17.4,11.4
27,0.97,36,17.7,11.6
27,0.98,36.7,18,11.7
27,0.99,37.3,18.3,11.9
28,0,0,0,0
28,0.01,0,0,0
28,0.02,0,0,0
28,0.03,0,0,0
28,0.04,0,0,0
28,0.05,0,0,0
28,0.06,0,0,0
28,0.07,0,0,0
28,0.08,0,0,0
28,0.09,0,0,0
28,0.1,0,0,0
28,0.11,0,0,0
28,0.12,0,0,0
28,0.13,0,0,0
28,0.14,0,0,0
28,0.15,0,0,0
28,0.16,0,0,0
28,0.17,0,0,0
28,0.18,0,0,0
28,0.19,0,0,0
28,0.2,0,0,0
28,0.21,0,0,0
28,0.22,0,0,0
28,0.23,0,0,0
28,0.24,0,0,0
28,0.25,0,0,0
28,0.26,0,0,0
28,0.27,0,0,0
28,0.28,0,0,0
28,0.29,0,0,0
28,0.3,0,0,0
28,0.31,0,0,0
28,0.32,1.8,0,0
28,0.33,2.3,0,0
28,0.34,2.7,0,0
28,0.35,3.1,0,0
28,0.36,3.5,1.5,0
28,0.37,3.8,1.8,0
28,0.38,4.3,2,0
28,0.39,4.7,2.2,1.3
28,0.4,5,2.4,1.5
28,0.41,5.4,2.6,1.7
28,0.42,5.8,2.9,1.9
28,0.43,6.1,3.1,2
28,0.44,6.6,3.3,2.2
28,0.45,7,3.5,2.3
28,0.46,7.4,3.7,2.5
28,0.47,7.8,3.9,2.6
28,0.48,8.2,4.2,2.8
28,0.49,8.7,4.4,2.9
28,0.5,9.2,4.6,3.1
28,0.51,9.7,4.8,3.2
28,0.52,10.1,5.1,3.4
28,0.53,10.6,5.3,3.5
28,0.54,11.1,5.6,3.7
28,0.55,11.5,5.8,3.9
28,0.56,12.1,6.1,4
28,0.57,12.5,6.3,4.2
28,0.58,13,6.5,4.4
28,0.59,13.6,6.8,4.5
28,0.6,14,7,4.7
28,0.61,14.5,7.3,4.9
28,0.62,15.1,7.6,5.1
28,0.63,15.6,7.9,5.2
28,0.64,16.2,8.1,5.4
28,0.65,16.8,8.4,5.6
28,0.66,17.4,8.7,5.8
28,0.67,18,9,6
28,0.68,18.6,9.3,6.2
28,0.69,19.2,9.6,6.4
28,0.7,19.8,9.9,6.5
28,0.71,20.3,10.2,6.7
28,0.72,21,10.5,6.9
28,0.73,21.6,10.8,7.1
28,0.74,22.2,11.1,7.3
28,0.75,22.8,11.4,7.5
28,0.76,23.4,11.7,7.7
28,0.77,24,12,7.9
28,0.78,24.7,12.3,8.2
28,0.79,25.4,12.6,8.4
28,0.8,26,13,8.6
28,0.81,26.6,13.3,8.8
28,0.82,27.3,13.6,9
28,0.83,28,13.9,9.2
28,0.84,28.6,14.3,9.4
28,0.85,29.3,14.6,9.6
28,0.86,29.9,15,9.8
28,0.87,30.6,15.3,10.1
28,0.88,31.4,15.6,10.3
28,0.89,32.1,16,10.5
28,0.9,32.9,16.3,10.7
28,0.91,33.6,16.6,11
28,0.92,34.3,17,11.2
28,0.93,34.9,17.4,11.4
28,0.94,35.7,17.7,11.7
28,0.95,36.4,18.1,11.9
28,0.96,37.2,18.4,12.1
28,0.97,38,18.8,12.3
28,0.98,38.7,19.1,12.5
28,0.99,39.2,19.4,12.7
29,0,0,0,0
29,0.01,0,0,0
29,0.02,0,0,0
29,0.03,0,0,0
29,0.04,0,0,0
29,0.05,0,0,0
29,0.06,0,0,0
29,0.07,0,0,0
29,0.08,0,0,0
29,0.09,0,0,0
29,0.1,0,0,0
29,0.11,0,0,0
29,0.12,0,0,0
29,0.13,0,0,0
29,0.14,0,0,0
29,0.15,0,0,0
29,0.16,0,0,0
29,0.17,0,0,0
29,0.18,0,0,0
29,0.19,0,0,0
29,0.2,0,0,0
29,0.21,0,0,0
29,0.22,0,0,0
29,0.23,0,0,0
29,0.24,0,0,0
29,0.25,0,0,0
29,0.26,0,0,0
29,0.27,0,0,0
29,0.28,0,0,0
29,0.29,0,0,0
29,0.3,0,0,0
29,0.31,1.7,0,0
29,0.32,2.2,0,0
29,0.33,2.7,0,0
29,0.34,3.1,0,0
29,0.35,3.4,1.5,0
29,0.36,3.8,1.8,0
29,0.37,4.2,2,0
29,0.38,4.6,2.2,1.3
29,0.39,5,2.5,1.5
29,0.4,5.4,2.7,1.7
29,0.41,5.8,2.9,1.9
29,0.42,6.2,3.1,2
29,0.43,6.6,3.3,2.2
29,0.44,7,3.5,2.3
29,0.45,7.5,3.7,2.5
29,0.46,7.9,4,2.6
29,0.47,8.3,4.2,2.8
29,0.48,8.8,4.4,3
29,0.49,9.2,4.7,3.1
29,0.5,9.7,4.9,3.3
29,0.51,10.2,5.2,3.4
29,0.52,10.7,5.4,3.6
29,0.53,11.2,5.7,3.8
29,0.54,11.7,5.9,4
29,0.55,12.2,6.2,4.1
29,0.56,12.7,6.4,4.3
29,0.57,13.2,6.7,4.5
29,0.58,13.8,7,4.6
29,0.59,14.3,7.2,4.8
29,0.6,14.9,7.5,5
29,0.61,15.5,7.8,5.2
29,0.62,16.1,8,5.4
29,0.63,16.7,8.3,5.5
29,0.64,17.3,8.6,5.7
29,0.65,17.9,8.9,5.9
29,0.66,18.5,9.2,6.1
29,0.67,19.2,9.5,6.3
29,0.68,19.8,9.8,6.5
29,0.69,20.4,10.1,6.7
29,0.7,21,10.4,6.9
29,0.71,21.7,10.7,7.1
29,0.72,22.3,11,7.3
29,0.73,22.9,11.4,7.5
29,0.74,23.5,11.7,7.8
29,0.75,24.1,12,8
29,0.76,24.8,12.4,8.2
29,0.77,25.5,12.7,8.4
29,0.78,26.1,13,8.6
29,0.79,26.8,13.3,8.8
29,0.8,27.4,13.7,9.1
29,0.81,28.1,14,9.3
29,0.82,28.8,14.4,9.5
29,0.83,29.5,14.7,9.8
29,0.84,30.3,15.1,10
29,0.85,31,15.4,10.2
29,0.86,31.7,15.8,10.4
29,0.87,32.4,16.1,10.7
29,0.88,33.1,16.5,10.9
29,0.89,33.9,16.8,11.1
29,0.9,34.5,17.2,11.4
29,0.91,35.3,17.6,11.6
29,0.92,36.1,18,11.9
29,0.93,36.7,18.4,12.1
29,0.94,37.5,18.8,12.3
29,0.95,38.3,19.1,12.6
29,0.96,39.1,19.5,12.8
29,0.97,39.8,19.9,13
29,0.98,40.7,20.3,13.3
29,0.99,41.5,20.5,13.4
30,0,0,0,0
30,0.01,0,0,0
30,0.02,0,0,0
30,0.03,0,0,0
30,0.04,0,0,0
30,0.05,0,0,0
30,0.06,0,0,0
30,0.07,0,0,0
30,0.08,0,0,0
30,0.09,0,0,0
30,0.1,0,0,0
30,0.11,0,0,0
30,0.12,0,0,0
30,0.13,0,0,0
30,0.14,0,0,0
30,0.15,0,0,0
30,0.16,0,0,0
30,0.17,0,0,0
30,0.18,0,0,0
30,0.19,0,0,0
30,0.2,0,0,0
30,0.21,0,0,0
30,0.22,0,0,0
30,0.23,0,0,0
30,0.24,0,0,0
30,0.25,0,0,0
30,0.26,0,0,0
30,0.27,0,0,0
30,0.28,0,0,0
30,0.29,0,0,0
30,0.3,1.5,0,0
30,0.31,2.1,0,0
30,0.32,2.6,0,0
30,0.33,3,0,0
30,0.34,3.4,1.4,0
30,0.35,3.8,1.7,0
30,0.36,4.2,2,0
30,0.37,4.6,2.2,1.3
30,0.38,5,2.4,1.5
30,0.39,5.4,2.7,1.7
30,0.4,5.8,2.9,1.9
30,0.41,6.2,3.1,2
30,0.42,6.6,3.3,2.2
30,0.43,7.1,3.6,2.4
30,0.44,7.5,3.8,2.5
30,0.45,8,4,2.7
30,0.46,8.5,4.2,2.8
30,0.47,9,4.5,3
30,0.48,9.4,4.7,3.2
30,0.49,9.9,5,3.3
30,0.5,10.3,5.2,3.5
30,0.51,10.9,5.5,3.7
30,0.52,11.4,5.7,3.8
30,0.53,11.9,6,4
30,0.54,12.4,6.3,4.2
30,0.55,13,6.5,4.4
30,0.56,13.6,6.8,4.5
30,0.57,14.2,7.1,4.7
30,0.58,14.8,7.4,4.9
30,0.59,15.4,7.6,5.1
30,0.6,15.9,7.9,5.3
30,0.61,16.5,8.2,5.5
30,0.62,17.1,8.5,5.7
30,0.63,17.7,8.8,5.9
30,0.64,18.3,9.1,6.1
30,0.65,18.9,9.5,6.3
30,0.66,19.5,9.7,6.5
30,0.67,20.2,10.1,6.7
30,0.68,20.8,10.4,6.9
30,0.69,21.4,10.7,7.1
30,0.7,22.1,11,7.3
30,0.71,22.8,11.4,7.5
30,0.72,23.5,11.7,7.7
30,0.73,24.2,12,7.9
30,0.74,24.9,12.4,8.2
30,0.75,25.6,12.7,8.4
30,0.76,26.3,13,8.6
30,0.77,26.9,13.4,8.8
30,0.78,27.7,13.7,9.1
30,0.79,28.4,14.1,9.3
30,0.8,29.1,14.5,9.6
30,0.81,29.8,14.8,9.8
30,0.82,30.5,15.2,10
30,0.83,31.3,15.5,10.3
30,0.84,32.1,15.9,10.5
30,0.85,32.8,16.3,10.8
30,0.86,33.6,16.7,11
30,0.87,34.4,17,11.3
30,0.88,35.2,17.4,11.5
30,0.89,35.9,17.8,11.8
30,0.9,36.8,18.2,12.1
30,0.91,37.5,18.6,12.3
30,0.92,38.3,19,12.6
30,0.93,39.1,19.4,12.8
30,0.94,39.9,19.8,13.1
30,0.95,40.5,20.2,13.3
30,0.96,41.3,20.6,13.6
30,0.97,42.3,21,13.8
30,0.98,42.9,21.4,14
30,0.99,43.8,21.8,14.3